create database CRAMIREZSAC;
USE CRAMIREZSAC;


-- Tabla Nacionalidad
CREATE TABLE Nacionalidad (
  ID_Nacionalidad INT AUTO_INCREMENT PRIMARY KEY,
  Nacionalidad VARCHAR(255) NOT NULL
);

CREATE TABLE Ocupacion (
  ID_Ocupacion INT AUTO_INCREMENT PRIMARY KEY,
  Ocupacion VARCHAR(255) NOT NULL
);

CREATE TABLE Prefijotelefonico (
  ID_Prefijo INT AUTO_INCREMENT PRIMARY KEY,
  PrefijoPais VARCHAR(255) NOT NULL
);

CREATE TABLE Residencia (
	ID_Residencia INT AUTO_INCREMENT PRIMARY KEY,
	Residencia VARCHAR(55) NOT NULL
);

CREATE TABLE Departamentos (
  ID_Departamento INT AUTO_INCREMENT PRIMARY KEY,
  Nombre_Departamento VARCHAR(255) NOT NULL UNIQUE
);

-- Tabla de Provincias
CREATE TABLE Provincias (
  ID_Provincia INT AUTO_INCREMENT PRIMARY KEY,
  ID_Departamento INT NOT NULL,
  Nombre_Provincia VARCHAR(255) NOT NULL,
  FOREIGN KEY (ID_Departamento) REFERENCES Departamentos(ID_Departamento)
);


-- Tabla de Distritos
CREATE TABLE Distritos (
  ID_Distrito INT AUTO_INCREMENT PRIMARY KEY,
  ID_Provincia INT NOT NULL,
  Nombre_Distrito VARCHAR(255) NOT NULL,
  FOREIGN KEY (ID_Provincia) REFERENCES Provincias(ID_Provincia)
);

-- Tabla EstadoCivil
CREATE TABLE EstadoCivil (
  ID_EstadoCivil INT AUTO_INCREMENT PRIMARY KEY,
  EstadoCivil VARCHAR(30) NOT NULL
);

-- Tabla Tipo_Entidad
CREATE TABLE Tipo_Entidad (
  ID_Tipo_Identidad INT AUTO_INCREMENT PRIMARY KEY,
  Tipo_Entidad VARCHAR(50) NOT NULL
);


-- Tabla Operario
CREATE TABLE Operario (
  ID_Operario INT AUTO_INCREMENT PRIMARY KEY,
  ID_Tipo_Identidad INT NOT NULL,
  Tipo_Operario VARCHAR(50) NOT NULL,
  FOREIGN KEY (ID_Tipo_Identidad) REFERENCES Tipo_Entidad(ID_Tipo_Identidad)
);



-- Tabla Identificacion
CREATE TABLE Identificacion (
  ID_Identificacion INT AUTO_INCREMENT PRIMARY KEY,
  DocumentoIdentificacion VARCHAR(255) NOT NULL
);

select * from cliente;

-- Tabla Cliente
CREATE TABLE Cliente (
  ID_Cliente INT AUTO_INCREMENT PRIMARY KEY,
  ID_EstadoCivil INT NOT NULL,
  ID_Nacionalidad INT NOT NULL,
  ID_Prefijo INT NULL,
  ID_Ocupacion INT NOT NULL,
  ID_Identificacion INT NOT NULL,
  ID_Residencia  INT NOT NULL,
  ID_Operario INT NOT NULL,
  ID_Departamento INT NOT NULL,
  ID_Provincia INT NOT NULL,
  ID_Distrito INT NOT NULL,
  Nombres_Apellidos VARCHAR(255) NOT NULL,
  Direccion VARCHAR(255) NOT NULL,
  Correo_Electronico VARCHAR(255) NOT NULL,
  Celular VARCHAR(255) NOT NULL,
  NumeroIdentificacion VARCHAR(255) NOT NULL,
  FOREIGN KEY (ID_EstadoCivil) REFERENCES EstadoCivil(ID_EstadoCivil),
  FOREIGN KEY (ID_Nacionalidad) REFERENCES Nacionalidad(ID_Nacionalidad),
  FOREIGN KEY (ID_Identificacion) REFERENCES Identificacion(ID_Identificacion),
  FOREIGN KEY (ID_Departamento) REFERENCES Departamentos(ID_Departamento),
  FOREIGN KEY (ID_Prefijo) REFERENCES Prefijotelefonico( ID_Prefijo),
  FOREIGN KEY (ID_Provincia) REFERENCES Provincias(ID_Provincia),
  FOREIGN KEY (ID_Residencia) REFERENCES Residencia(ID_Residencia),
  FOREIGN KEY (ID_Distrito) REFERENCES Distritos(ID_Distrito),
  FOREIGN KEY (ID_Ocupacion) REFERENCES Ocupacion(ID_Ocupacion),
  FOREIGN KEY (ID_Operario) REFERENCES Operario(ID_Operario)
);



CREATE TABLE ClienteConyuge (
  ID_ClienteConyuge INT AUTO_INCREMENT PRIMARY KEY,
  ID_Cliente INT NOT NULL,
  ID_EstadoCivil INT NOT NULL,
  ID_Nacionalidad INT NOT NULL,
  ID_Prefijo INT NULL,
  ID_Ocupacion INT NOT NULL,
  ID_Identificacion INT NOT NULL,
  ID_Residencia  INT NOT NULL,
  ID_Operario INT NOT NULL,
  ID_Departamento INT NOT NULL,
  ID_Provincia INT NOT NULL,
  ID_Distrito INT NOT NULL,
  Nombres_Apellidos VARCHAR(255) NOT NULL,
  Direccion VARCHAR(255) NOT NULL,
  Correo_Electronico VARCHAR(255) NOT NULL,
  Celular VARCHAR(255) NOT NULL,
  NumeroIdentificacion VARCHAR(255) NOT NULL,
  FOREIGN KEY (ID_Cliente) REFERENCES Cliente(ID_Cliente),
  FOREIGN KEY (ID_EstadoCivil) REFERENCES EstadoCivil(ID_EstadoCivil),
  FOREIGN KEY (ID_Nacionalidad) REFERENCES Nacionalidad(ID_Nacionalidad),
  FOREIGN KEY (ID_Identificacion) REFERENCES Identificacion(ID_Identificacion),
  FOREIGN KEY (ID_Departamento) REFERENCES Departamentos(ID_Departamento),
  FOREIGN KEY (ID_Prefijo) REFERENCES Prefijotelefonico( ID_Prefijo),
  FOREIGN KEY (ID_Provincia) REFERENCES Provincias(ID_Provincia),
  FOREIGN KEY (ID_Residencia) REFERENCES Residencia(ID_Residencia),
  FOREIGN KEY (ID_Distrito) REFERENCES Distritos(ID_Distrito),
  FOREIGN KEY (ID_Ocupacion) REFERENCES Ocupacion(ID_Ocupacion),
  FOREIGN KEY (ID_Operario) REFERENCES Operario(ID_Operario)
);




-- Tabla Cita
CREATE TABLE Cita (
  ID_Cita INT AUTO_INCREMENT PRIMARY KEY,
  ID_Cliente INT NOT NULL,
  Fecha_Cita DATE NOT NULL,
  Hora_Cita TIME NOT NULL,
  Persona_Atiende VARCHAR(255) NOT NULL,
  FOREIGN KEY (ID_Cliente) REFERENCES Cliente(ID_Cliente)
);


-- Tabla Empresa
CREATE TABLE Empresa (
  ID_Empresa INT AUTO_INCREMENT PRIMARY KEY,
  Nombre_Empresa VARCHAR(255) NOT NULL,
  RUC VARCHAR(255) NOT NULL,
  Direccion VARCHAR(255) NOT NULL,
  Representante_Legal VARCHAR(255) NOT NULL,
  N_PartidaEmpresa VARCHAR(255) NOT NULL
);


-- Tabla Proyecto
CREATE TABLE Proyecto (
  ID_Proyecto INT AUTO_INCREMENT PRIMARY KEY,
  ID_Empresa INT NOT NULL,
  Nombre_Proyecto VARCHAR(255) NOT NULL,
  FOREIGN KEY (ID_Empresa) REFERENCES Empresa(ID_Empresa)
);


drop table Lote;
-- Tabla Lote
CREATE TABLE Lote (
  ID_Lote INT AUTO_INCREMENT PRIMARY KEY,
  ID_Proyecto INT NOT NULL,
  ID_Cliente INT NOT NULL,
  ID_Contrato INT NOT NULL,
  ID_Operario INT NOT NULL,
  NumeroLote INT NOT NULL,
  Manzana VARCHAR(255) NOT NULL,
  Area_Lote VARCHAR(255) NOT NULL,
  Ubicacion VARCHAR(255) NOT NULL,
  Unidad_Catastral VARCHAR(255) NOT NULL,
  Partida_Lote_Matriz VARCHAR(255) NOT NULL,
  Urbanizacion VARCHAR(255) NOT NULL,
  FOREIGN KEY (ID_Proyecto) REFERENCES Proyecto(ID_Proyecto),
  FOREIGN KEY (ID_Contrato) REFERENCES Contratos(ID_Contrato),
  FOREIGN KEY (ID_Operario) REFERENCES Operario(ID_Operario),
  FOREIGN KEY (ID_Cliente) REFERENCES Cliente(ID_Cliente)
);

drop table DetallesLote;

select * from DetallesLote;
CREATE TABLE DetallesLote (
	  ID_DetallesLote INT AUTO_INCREMENT PRIMARY KEY,
      ID_Lote INT NOT NULL,
	  CostoLote DECIMAL(10,2) NOT NULL,
	  PagoInicial DECIMAL(10,2) NOT NULL,
	  Separacion DECIMAL(10,2) NOT NULL,
	  CantidadCuota INT NOT NULL,
	  CuotasExtraordinarias INT NOT NULL,
	  MantenimientoMensual DECIMAL(10,2) NOT NULL,
	  FOREIGN KEY (ID_Lote) REFERENCES Lote(ID_Lote)
);

-- Tabla TipoContrato
CREATE TABLE TipoContrato (
  ID_TipoContrato INT AUTO_INCREMENT PRIMARY KEY,
  Tipo_Contrato VARCHAR(55) NOT NULL
);



-- Tabla Documentos
CREATE TABLE Documentos (
  ID_Documento INT AUTO_INCREMENT PRIMARY KEY,
  Carta_No_Adeudo VARCHAR(255) NOT NULL,
  Certificado_Lote VARCHAR(255) NOT NULL,
  Medios_Pago VARCHAR(30) NOT NULL,
  Minuta_Escaneada VARCHAR(255) NOT NULL
);


-- Tabla Contratos
CREATE TABLE Contratos (
  ID_Contrato INT AUTO_INCREMENT PRIMARY KEY,
  ID_TipoContrato INT NOT NULL,
  ID_Cliente INT NOT NULL,
  ID_Documento INT NOT NULL,
  Fecha_Inicio_Contrato DATE NOT NULL,
  Fecha_Fin_Contrato DATE NOT NULL,
  Estado VARCHAR(55) NOT NULL,
  Situacion_Legal VARCHAR(55) NOT NULL,
  Constancia_No_Adeudo VARCHAR(155) NOT NULL,
  FOREIGN KEY (ID_TipoContrato) REFERENCES TipoContrato(ID_TipoContrato),
  FOREIGN KEY (ID_Cliente) REFERENCES Cliente(ID_Cliente),
  FOREIGN KEY (ID_Documento) REFERENCES Documentos(ID_Documento)
);


-- Tabla Copropietario
CREATE TABLE Copropietario (
  ID_Copropietario INT AUTO_INCREMENT PRIMARY KEY,
  ID_Cliente INT NOT NULL,
  ID_Ocupacion INT NOT NULL,
  ID_Residencia INT NOT NULL,
  ID_Prefijo INT NOT NULL,
  ID_Distrito INT NOT NULL,
  ID_Operario INT NOT NULL,
  ID_Provincia INT NOT NULL,
  ID_Departamento INT NOT NULL,
  ID_Nacionalidad INT NOT NULL,
  ID_EstadoCivil INT NOT NULL,
  ID_Identificacion INT NOT NULL,
  Nombres_Apellidos VARCHAR(255) NOT NULL,
  Direccion VARCHAR(255) NOT NULL,
  Correo_Electronico VARCHAR(255) NOT NULL,
  Celular VARCHAR(255) NOT NULL,
  NumeroIdentificacion VARCHAR(255) NOT NULL,
  FOREIGN KEY (ID_Cliente) REFERENCES Cliente(ID_Cliente),
  FOREIGN KEY (ID_Nacionalidad) REFERENCES Nacionalidad(ID_Nacionalidad),
  FOREIGN KEY (ID_EstadoCivil) REFERENCES EstadoCivil(ID_EstadoCivil),
  FOREIGN KEY (ID_Identificacion) REFERENCES Identificacion(ID_Identificacion),
  FOREIGN KEY (ID_Residencia) REFERENCES Residencia(ID_Residencia),
  FOREIGN KEY (ID_Operario) REFERENCES Operario(ID_Operario),
  FOREIGN KEY (ID_Prefijo) REFERENCES Prefijotelefonico(ID_Prefijo),
  FOREIGN KEY (ID_Ocupacion) REFERENCES Ocupacion(ID_Ocupacion),
  FOREIGN KEY (ID_Departamento) REFERENCES Departamentos(ID_Departamento),
  FOREIGN KEY (ID_Provincia) REFERENCES Provincias(ID_Provincia),
  FOREIGN KEY (ID_Distrito) REFERENCES Distritos(ID_Distrito)
);


CREATE TABLE CopropietarioConyuge (
  ID_CopropietarioConyuge INT AUTO_INCREMENT PRIMARY KEY,
  ID_Cliente INT NOT NULL,
  ID_Ocupacion INT NOT NULL,
  ID_Residencia INT NOT NULL,
  ID_Prefijo INT NOT NULL,
  ID_Distrito INT NOT NULL,
  ID_Provincia INT NOT NULL,
  ID_Departamento INT NOT NULL,
  ID_Nacionalidad INT NOT NULL,
  ID_Operario INT NOT NULL,
  ID_EstadoCivil INT NOT NULL,
  ID_Identificacion INT NOT NULL,
  Nombres_Apellidos VARCHAR(255) NOT NULL,
  Direccion VARCHAR(255) NOT NULL,
  Correo_Electronico VARCHAR(255) NOT NULL,
  Celular VARCHAR(255) NOT NULL,
  NumeroIdentificacion VARCHAR(255) NOT NULL,
  FOREIGN KEY (ID_Cliente) REFERENCES Cliente(ID_Cliente),
  FOREIGN KEY (ID_Nacionalidad) REFERENCES Nacionalidad(ID_Nacionalidad),
  FOREIGN KEY (ID_EstadoCivil) REFERENCES EstadoCivil(ID_EstadoCivil),
  FOREIGN KEY (ID_Identificacion) REFERENCES Identificacion(ID_Identificacion),
  FOREIGN KEY (ID_Residencia) REFERENCES Residencia(ID_Residencia),
  FOREIGN KEY (ID_Prefijo) REFERENCES Prefijotelefonico(ID_Prefijo),
  FOREIGN KEY (ID_Operario) REFERENCES Operario(ID_Operario),
  FOREIGN KEY (ID_Ocupacion) REFERENCES Ocupacion(ID_Ocupacion),
  FOREIGN KEY (ID_Departamento) REFERENCES Departamentos(ID_Departamento),
  FOREIGN KEY (ID_Provincia) REFERENCES Provincias(ID_Provincia),
  FOREIGN KEY (ID_Distrito) REFERENCES Distritos(ID_Distrito)
);



-- Tabla Financiamiento
CREATE TABLE Financiamiento (
  ID_Financiamiento INT AUTO_INCREMENT PRIMARY KEY,
  ID_Lote INT NOT NULL,
  Costo_Lote FLOAT NOT NULL,
  Monto_Letra VARCHAR(150) NOT NULL,
  Pago_Inicial FLOAT NOT NULL,
  Separacion FLOAT NOT NULL,
  Cantidad_Cuotas INT NOT NULL,
  Cuotas_Extraordinarias FLOAT NOT NULL,
  Mantenimiento_Mensual FLOAT NOT NULL,
  Mantenimiento_Letras VARCHAR(255) NOT NULL,
  FOREIGN KEY (ID_Lote) REFERENCES Lote(ID_Lote)
);


-- Tabla Moneda
CREATE TABLE Moneda (
  ID_Moneda INT AUTO_INCREMENT PRIMARY KEY,
  Monedas VARCHAR(25) NOT NULL
);

-- Tabla TipoPago
CREATE TABLE TipoPago (
  ID_TipoPago INT AUTO_INCREMENT PRIMARY KEY,
  Tipo_Pago VARCHAR(55) NOT NULL
);


-- Tabla Pagos
CREATE TABLE Pagos (
  ID_Pago INT AUTO_INCREMENT PRIMARY KEY,
  ID_TipoPago INT NOT NULL,
  ID_Moneda INT NOT NULL,
  ID_Contrato INT NOT NULL,
  Monto VARCHAR(255) NOT NULL,
  Cantidad_Cuotas VARCHAR(255) NOT NULL,
  Monto_Cuotas VARCHAR(255) NOT NULL,
  Cuotas_Extraordinarias VARCHAR(255) NOT NULL,
  Mantenimiento_Mensual VARCHAR(255) NOT NULL,
  FOREIGN KEY (ID_TipoPago) REFERENCES TipoPago(ID_TipoPago),
  FOREIGN KEY (ID_Contrato) REFERENCES Contratos(ID_Contrato),
  FOREIGN KEY (ID_Moneda) REFERENCES Moneda(ID_Moneda)
);


CREATE TABLE Credenciales
(
  ID_Credencial  INT AUTO_INCREMENT NOT NULL,
  ID_Cliente     INT NOT NULL,
  ID_Tipo_Identidad     INT NOT NULL,
  ID_Operario     INT NOT NULL,
  Nombre        VARCHAR(255) NOT NULL,
  Usuario        VARCHAR(255) NOT NULL,
  Contrasena     VARCHAR(255) NOT NULL,
  PRIMARY KEY (ID_Credencial),
  FOREIGN KEY (ID_Cliente) REFERENCES Cliente(ID_Cliente),
  FOREIGN KEY (ID_Operario) REFERENCES Operario(ID_Operario),
  UNIQUE (Usuario)
);

ALTER TABLE Prefijotelefonico AUTO_INCREMENT = 1;
DELETE FROM Prefijotelefonico;
select *from Prefijotelefonico;
INSERT INTO Prefijotelefonico (PrefijoPais) VALUES
('🇵🇪 Perú +51'),
('🇦🇷 Argentina +54'),
('🇨🇴 Colombia +57'),
('🇲🇽 México +52'),
('🇪🇸 España +34'),
('🇺🇸 EE.UU. +1');

ALTER TABLE Credenciales AUTO_INCREMENT = 1;
SET SQL_SAFE_UPDATES = 1;
DELETE FROM Credenciales;
select *from Credenciales;
INSERT INTO Credenciales (ID_Cliente,Nombre, Usuario, Contrasena,ID_Tipo_Identidad,ID_Operario) VALUES
(1, 'Rosangela Ramirez', 'rramirez', 'Admin#2025',1,1),
(2, 'Javier Silva', 'jsilva', 'Operador#2025',2,2),
(3, 'Luis Cisneros', 'lcisneros', 'Asignador#2025',3,1);

ALTER TABLE Operario AUTO_INCREMENT = 1;
DELETE FROM Operario;
select *from Operario;
-- Insertando registros en Operario
INSERT INTO Operario (Tipo_Operario, ID_Tipo_Identidad) VALUES 
('Guille_Berr', 1),
('Maria_Lop', 1),
('Carlos_Ped', 1),
('Ana_Ru', 2),
('Pedro_Ram', 1);


ALTER TABLE Ocupacion AUTO_INCREMENT = 1;
DELETE FROM Ocupacion;
select *from Ocupacion;
INSERT INTO Ocupacion (Ocupacion) VALUES 
('Empleado'), 
('Independiente'),
('Empresa');

ALTER TABLE EstadoCivil AUTO_INCREMENT = 1;
DELETE FROM EstadoCivil;
select *from EstadoCivil;
-- Insertando registros en EstadoCivil
INSERT INTO EstadoCivil (EstadoCivil) VALUES 
('Soltero'), 
('Casado'), 
('Divorciado'), 
('Viudo'), 
('Me abstengo');

ALTER TABLE Nacionalidad AUTO_INCREMENT = 1;
DELETE FROM Nacionalidad;
select *from Nacionalidad;
-- Insertando registros en Nacionalidad
INSERT INTO Nacionalidad (Nacionalidad) VALUES 
('Peruano'), 
('Colombiano'), 
('Argentino'), 
('Chileno'), 
('Ecuatoriano');


ALTER TABLE Residencia AUTO_INCREMENT = 1;
DELETE FROM Residencia;
SET FOREIGN_KEY_CHECKS = 1;
SET SQL_SAFE_UPDATES = 1;
select *from Residencia;
-- Insertando registros en Nacionalidad
INSERT INTO Residencia (Residencia) VALUES 
('Perú'), 
('Colombia'), 
('Argentina'), 
('Chile'), 
('Ecuador');

ALTER TABLE Identificacion AUTO_INCREMENT = 1;
DELETE FROM Identificacion;
select *from Identificacion;
-- Insertando registros en Identificacion
INSERT INTO Identificacion (DocumentoIdentificacion) VALUES 
('DNI'), 
('Pasaporte'), 
('Carnet de Extranjeria'), 
('Cedula'), 
('Licencia de Conducir');


ALTER TABLE Tipo_Entidad AUTO_INCREMENT = 1;
DELETE FROM Tipo_Entidad;
select *from Tipo_Entidad;
-- Insertando registros en Tipo_Entidad
INSERT INTO Tipo_Entidad (Tipo_Entidad) VALUES 
('admin'),
('operador'),
('asignador');


ALTER TABLE TipoContrato AUTO_INCREMENT = 1;
DELETE FROM TipoContrato;
select *from TipoContrato;
-- Insertando registros en TipoContrato
INSERT INTO TipoContrato (Tipo_Contrato) VALUES 
('Compra-Venta'), 
('Alquiler'), 
('Cesion de Derechos'),
 ('Anticresis'), 
 ('Leaseback');

ALTER TABLE TipoPago AUTO_INCREMENT = 1;
DELETE FROM TipoPago;
select *from TipoPago;
INSERT INTO TipoPago (Tipo_Pago) 
VALUES 
    ('Efectivo'),
    ('Tarjeta de Crédito'),
    ('Tarjeta de Débito'),
    ('Transferencia Bancaria');

ALTER TABLE Moneda AUTO_INCREMENT = 1;
DELETE FROM Moneda;
select *from Moneda;
-- Insertando registros en Moneda
INSERT INTO Moneda (Monedas) VALUES
('Soles'), 
('Dolares');

ALTER TABLE Empresa AUTO_INCREMENT = 1;
DELETE FROM Empresa;
select *from Empresa;
-- falta agregar distrito,provincia,etc
-- Insertando registros en Empresa
INSERT INTO Empresa (Nombre_Empresa, RUC, Direccion, Representante_Legal, N_PartidaEmpresa) VALUES
('Constructora A', '20123456789', 'Av. Empresarial 456', 'Jose Castro', '12345'), -- Lima, Miraflores
('Constructora B', '20234567890', 'Calle Inmobiliaria 789', 'Ana Sanchez', '67890'), -- Cusco, Wanchaq
('Inmobiliaria C', '20345678901', 'Jr. Constructor 123', 'Carlos Perez', '11223'), -- Arequipa, Cercado
('Edificaciones D', '20456789012', 'Psj. Arquitecto 321', 'Maria Gomez', '33445'), -- Trujillo, Victor Larco
('Desarrollos E', '20567890123', 'Carretera Obras 567', 'Luis Ramirez', '55667'); -- Piura, Castilla

ALTER TABLE Lote AUTO_INCREMENT = 1;
SET FOREIGN_KEY_CHECKS = 0;
SET SQL_SAFE_UPDATES = 0;
DELETE FROM Lote;
select*from Lote;
-- Insertando registros en Lote
INSERT INTO Lote (ID_Proyecto, ID_Operario,ID_Contrato,ID_Cliente,NumeroLote, Manzana, Area_Lote, Ubicacion, Unidad_Catastral, Partida_Lote_Matriz, Urbanizacion) VALUES
(1,1,1, 1,123, 'A1', '120m2', 'Lima Centro', 'UC12345', 'PM98765', 'Urb. El Sol'),
(2,2,2, 2,234, 'B2', '150m2', 'Miraflores', 'UC23456', 'PM87654', 'Urb. San Pedro'),
(3,3,3, 3,345, 'C3', '180m2', 'San Isidro', 'UC34567', 'PM76543', 'Urb. Los Alamos'),
(4,4,4, 4,456, 'D4', '200m2', 'Surco', 'UC45678', 'PM65432', 'Urb. Santa Rosa'),
(5,5,5, 5,567, 'E5', '250m2', 'La Molina', 'UC56789', 'PM54321', 'Urb. El Mirador');


-- ID_Lote,
ALTER TABLE DetallesLote AUTO_INCREMENT = 1;
SET FOREIGN_KEY_CHECKS = 0;
SET SQL_SAFE_UPDATES = 0;
DELETE FROM DetallesLote;
select *from DetallesLote;
INSERT INTO DetallesLote (ID_Lote,CostoLote, PagoInicial, Separacion, CantidadCuota, CuotasExtraordinarias, MantenimientoMensual)  
VALUES 
( 50000.00, 10000.00, 2000.00, 60, 2, 150.00),  
( 75000.00, 15000.00, 2500.00, 72, 3, 180.00),  
( 60000.00, 12000.00, 2200.00, 48, 1, 160.00),  
( 90000.00, 18000.00, 3000.00, 84, 4, 200.00),  
( 55000.00, 11000.00, 2100.00, 54, 2, 140.00);  


ALTER TABLE Proyecto AUTO_INCREMENT = 1;
DELETE FROM Proyecto;
select *from Proyecto;
-- Insertando registros en Proyecto
INSERT INTO Proyecto (ID_Empresa, Nombre_Proyecto) VALUES
(1, 'Residencial Lima'),
(2, 'Edificios Modernos'),
(3, 'Condominio Verde'),
(4, 'Torres del Sol'),
(5, 'Villa Bonita');

ALTER TABLE Documentos AUTO_INCREMENT = 1;
DELETE FROM Documentos;
select *from Documentos;
-- Insertando registros en Documentos
INSERT INTO Documentos (Carta_No_Adeudo, Certificado_Lote, Medios_Pago, Minuta_Escaneada) VALUES
('Carta 1', 'Certificado 1', 'Efectivo', 'Minuta 1'),
('Carta 2', 'Certificado 2', 'Tarjeta', 'Minuta 2'),
('Carta 3', 'Certificado 3', 'Transferencia', 'Minuta 3'),
('Carta 4', 'Certificado 4', 'Efectivo', 'Minuta 4'),
('Carta 5', 'Certificado 5', 'Tarjeta', 'Minuta 5');

SET FOREIGN_KEY_CHECKS = 0;
SET SQL_SAFE_UPDATES = 0;
ALTER TABLE Cliente AUTO_INCREMENT = 1;
DELETE FROM Cliente;
select *from Cliente;
-- Insertando registros en Cliente
INSERT INTO Cliente (ID_EstadoCivil,ID_Ocupacion,ID_Residencia,ID_Prefijo,ID_Departamento,ID_Provincia,ID_Distrito, ID_Nacionalidad, ID_Identificacion, ID_Operario, Nombres_Apellidos, Direccion, Correo_Electronico, Celular, NumeroIdentificacion) 
VALUES 
(1, 1,1,1,1,1,1,1, 1, 1, 'Juan Perez', 'Av. Lima 123', 'juan.perez@email.com', '999888777', 'P987654'),
(2, 2,1,2,2,2,2,2, 2, 2, 'Maria Lopez', 'Jr. Cusco 456', 'maria.lopez@email.com', '988777666', 'L876543'),
(3, 3,1,3,3,3,3,3, 3, 3, 'Carlos Gutierrez', 'Calle Arequipa 789', 'carlos.g@email.com', '977666555', 'C765432'),
(4, 1,1,4,4,4,4,4, 4, 4, 'Ana Martinez', 'Pasaje Trujillo 321', 'ana.martinez@email.com', '966555444', 'A654321'),
(5, 2,1,5,5,5,5,5, 5, 5, 'Pedro Rojas', 'Mz B Lote 5', 'pedro.rojas@email.com', '955444333', 'P543210');


SET FOREIGN_KEY_CHECKS = 0;
SET SQL_SAFE_UPDATES = 0;
ALTER TABLE ClienteConyuge AUTO_INCREMENT = 1;
DELETE FROM ClienteConyuge;
select *from ClienteConyuge;
INSERT INTO ClienteConyuge (ID_Cliente,ID_EstadoCivil,ID_Nacionalidad,ID_Prefijo,ID_Ocupacion,ID_Identificacion,ID_Residencia,ID_Operario,ID_Departamento,ID_Provincia,ID_Distrito,Nombres_Apellidos,Direccion,Correo_Electronico,Celular,NumeroIdentificacion) 
VALUES 
  (1, 1, 1, 1, 1, 1, 1, 1, 1, 1, 1, 'María González', 'Calle 1, Casa 10', 'maria.gonzalez@email.com', '987654321', '1002003001'),
  (2, 2, 2, 2, 2, 2, 2, 2, 2, 2, 2, 'Carlos Ramirez', 'Av. Sol 456', 'carlos.ramirez@email.com', '976543210', '1002003002'),
  (3, 1, 1, 3, 3, 1, 3, 1, 3, 3, 3, 'Ana Torres', 'Jr. Las Flores 789', 'ana.torres@email.com', '965432109', '1002003003'),
  (4, 3, 3, 4, 1, 3, 4, 2, 4, 4, 4, 'Pedro Martínez', 'Pasaje Luna 101', 'pedro.martinez@email.com', '954321098', '1002003004'),
  (5, 4, 2, 5, 2, 4, 5, 1, 5, 5, 5, 'Lucía Rivera', 'Calle Sol 102', 'lucia.rivera@email.com', '943210987', '1002003005');


ALTER TABLE Copropietario AUTO_INCREMENT = 1;
SET FOREIGN_KEY_CHECKS = 0;
SET SQL_SAFE_UPDATES = 0;
DELETE FROM Copropietario;
select *from Copropietario;
-- Insertando registros en Copropietario
INSERT INTO Copropietario (ID_Cliente,ID_Operario,ID_Residencia,ID_Ocupacion,ID_Prefijo,ID_Departamento,ID_Provincia,ID_Distrito,ID_Nacionalidad, ID_EstadoCivil,ID_Identificacion, Nombres_Apellidos, Direccion, Correo_Electronico, Celular, NumeroIdentificacion) 
VALUES
(2, 2,1,2,1,1,1,1, 2, 1, 2, 'Pedro Torres', 'Jr. Miraflores 789', 'pedro.torres@email.com', '977666555', 'T987654'),
(3, 3,2,2,1,2,2,2, 3, 2, 3, 'Luis Fernandez', 'Av. America 456', 'luis.fernandez@email.com', '966555444', 'F876543'),
(4, 4,3,2,1,3,3,3, 4, 3, 4, 'Raul Mendoza', 'Calle Bolivar 789', 'raul.mendoza@email.com', '955444333', 'M765432'),
(5, 5,4,2,1,4,4,4, 5, 4, 5, 'Andrea Campos', 'Pasaje Nueva Vida 123', 'andrea.campos@email.com', '944333222', 'C654321'),
(1, 1, 1,2,1,5,5,5,5, 5, 1, 'Sofia Herrera', 'Mz C Lote 8', 'sofia.herrera@email.com', '933222111', 'H543210');

ALTER TABLE CopropietarioConyuge AUTO_INCREMENT = 1;
SET FOREIGN_KEY_CHECKS = 0;
SET SQL_SAFE_UPDATES = 0;
DELETE FROM CopropietarioConyuge;
select *from CopropietarioConyuge;
INSERT INTO CopropietarioConyuge (ID_Cliente, ID_Ocupacion, ID_Residencia, ID_Prefijo, ID_Distrito,ID_Provincia, ID_Departamento, ID_Nacionalidad, ID_Operario, ID_EstadoCivil,ID_Identificacion, Nombres_Apellidos, Direccion, Correo_Electronico,Celular, NumeroIdentificacion)
VALUES
(1, 1, 1, 1, 1, 1, 1, 1, 1, 1, 1, 'Juan Pérez', 'Calle Falsa 123', 'juanperez@email.com', '987654321', '12345678'),
(2, 2, 2, 2, 2, 2, 2, 2, 2, 2, 2, 'María García', 'Av. Siempreviva 456', 'mariagarcia@email.com', '987654322', '87654321'),
(3, 3, 3, 3, 3, 3, 3, 3, 3, 3, 3, 'Carlos López', 'Jr. Las Flores 789', 'carloslopez@email.com', '987654323', '23456789'),
(4, 2, 3, 1, 2, 3, 1, 2, 3, 1, 2, 'Ana Torres', 'Calle Central 101', 'anatorres@email.com', '987654324', '34567890'),
(5, 3, 1, 2, 3, 1, 2, 3, 1, 2, 3, 'Pedro Ramos', 'Av. Principal 202', 'pedroramos@email.com', '987654325', '45678901');



ALTER TABLE Cita AUTO_INCREMENT = 1;
DELETE FROM Cita;
select *from Cita;
-- Insertando registros en Cita
INSERT INTO Cita (ID_Cliente, Fecha_Cita, Hora_Cita, Persona_Atiende) VALUES
(1, '2024-06-01', '10:00:00', 'Asesor 1'),
(2, '2024-06-02', '11:30:00', 'Asesor 2'),
(3, '2024-06-03', '14:00:00', 'Asesor 3'),
(4, '2024-06-04', '16:00:00', 'Asesor 4'),
(5, '2024-06-05', '09:00:00', 'Asesor 5');

ALTER TABLE Contratos AUTO_INCREMENT = 1;
DELETE FROM Contratos;
select *from Contratos;
-- Insertando registros en Contratos
INSERT INTO Contratos ( ID_TipoContrato, ID_Cliente, ID_Documento, Fecha_Inicio_Contrato, Fecha_Fin_Contrato, Estado, Situacion_Legal, Constancia_No_Adeudo) VALUES
( 1, 1, 1, '2024-01-01', '2025-01-01', 'Activo', 'Regularizado', 'Si'),
( 2, 2, 2, '2024-02-01', '2026-02-01', 'Activo', 'En Proceso', 'No'),
( 3, 3, 3, '2024-03-01', '2025-03-01', 'Pendiente', 'Observado', 'Si'),
( 4, 4, 4, '2024-04-01', '2027-04-01', 'Inactivo', 'Cancelado', 'No'),
( 5, 5, 5, '2024-05-01', '2028-05-01', 'Activo', 'Regularizado', 'Si');

ALTER TABLE Financiamiento AUTO_INCREMENT = 1;
DELETE FROM Financiamiento;
select *from Financiamiento;
INSERT INTO Financiamiento (
    ID_Lote, Costo_Lote, Monto_Letra, Pago_Inicial, Separacion, 
    Cantidad_Cuotas, Cuotas_Extraordinarias, Mantenimiento_Mensual, Mantenimiento_Letras
) 
VALUES 
    (1, 150000.00, 'Mil quinientos dólares', 30000.00, 5000.00, 120, 2000.00, 150.00, 'Ciento cincuenta dólares'),
    (2, 200000.00, 'Dos mil dólares', 40000.00, 7000.00, 150, 2500.00, 180.00, 'Ciento ochenta dólares'),
    (3, 180000.00, 'Mil ochocientos dólares', 35000.00, 6000.00, 100, 2200.00, 160.00, 'Ciento sesenta dólares');

ALTER TABLE Departamentos AUTO_INCREMENT = 1;
DELETE FROM Departamentos;
select *from Departamentos;
INSERT INTO Departamentos (Nombre_Departamento) VALUES
('AMAZONAS'),
('ANCASH'),
('APURIMAC'),
('AREQUIPA'),
('AYACUCHO'),
('CAJAMARCA'),
('PROV.CONST.DEL CALLAO'),
('CUSCO'),
('HUANCAVELICA'),
('HUANUCO'),
('ICA'),
('JUNIN'),
('LA LIBERTAD'),
('LAMBAYEQUE'),
('LIMA'),
('LORETO'),
('MADRE DE DIOS'),
('MOQUEGUA'),
('PASCO'),
('PIURA'),
('PUNO'),
('SAN MARTIN'),
('TACNA'),
('TUMBES'),
('UCAYALI');

ALTER TABLE Provincias AUTO_INCREMENT = 1;
SET FOREIGN_KEY_CHECKS = 1;
SET SQL_SAFE_UPDATES = 1;
DELETE FROM Provincias;
select *from Provincias;
INSERT INTO Provincias (ID_Departamento, Nombre_Provincia) VALUES
(1, 'CHACHAPOYAS'),
(1, 'BAGUA'),
(1, 'BONGARÁ'),
(1, 'CONDORCANQUI'),
(1, 'LUYA'),
(1, 'RODRÍGUEZ DE MENDOZA'),
(1, 'UTCUBAMBA'),
(2, 'HUARAZ'),
(2, 'AIJA'),
(2, 'ANTONIO RAYMONDI'),
(2, 'ASUNCIÓN'),
(2, 'BOLOGNESI'),
(2, 'CARHUAZ'),
(2, 'CARLOS F. FITZCARRALD'),
(2, 'CASMA'),
(2, 'CORONGO'),
(2, 'HUARI'),
(2, 'HUARMEY'),
(2, 'HUAYLAS'),
(2, 'MARISCAL LUZURIAGA'),
(2, 'OCROS'),
(2, 'PALLASCA'),
(2, 'POMABAMBA'),
(2, 'RECUAY'),
(2, 'SANTA'),
(2, 'SIHUAS'),
(2, 'YUNGAY'),
(3, 'ABANCAY'),
(3, 'ANDAHUAYLAS'),
(3, 'ANTABAMBA'),
(3, 'AYMARAES'),
(3, 'COTABAMBAS'),
(3, 'CHINCHEROS'),
(3, 'GRAU'),
(4, 'AREQUIPA'),
(4, 'CAMANÁ'),
(4, 'CARAVELÍ'),
(4, 'CASTILLA'),
(4, 'CAYLLOMA'),
(4, 'CONDESUYOS'),
(4, 'ISLAY'),
(4, 'LA UNIÓN'),
(5, 'HUAMANGA'),
(5, 'CANGALLO'),
(5, 'HUANCA SANCOS'),
(5, 'HUANTA'),
(5, 'LA MAR'),
(5, 'LUCANAS'),
(5, 'PARINACOCHAS'),
(5, 'PÁUCAR DEL SARA SARA'),
(5, 'SUCRE'),
(5, 'VÍCTOR FAJARDO'),
(5, 'VILCAS HUAMÁN'),
(6, 'CAJAMARCA'),
(6, 'CAJABAMBA'),
(6, 'CELENDÍN'),
(6, 'CHOTA'),
(6, 'CONTUMAZÁ'),
(6, 'CUTERVO'),
(6, 'HUALGAYOC'),
(6, 'JAÉN'),
(6, 'SAN IGNACIO'),
(6, 'SAN MARCOS'),
(6, 'SAN MIGUEL'),
(6, 'SAN PABLO'),
(6, 'SANTA CRUZ'),
(7, 'CALLAO'),
(8, 'CUSCO'),
(8, 'ACOMAYO'),
(8, 'ANTA'),
(8, 'CALCA'),
(8, 'CANAS'),
(8, 'CANCHIS'),
(8, 'CHUMBIVILCAS'),
(8, 'ESPINAR'),
(8, 'LA CONVENCIÓN'),
(8, 'PARURO'),
(8, 'PAUCARTAMBO'),
(8, 'QUISPICANCHI'),
(8, 'URUBAMBA'),
(9, 'HUANCAVELICA'),
(9, 'ACOBAMBA'),
(9, 'ANGARAES'),
(9, 'CASTROVIRREYNA'),
(9, 'CHURCAMPA'),
(9, 'HUAYTARÁ'),
(9, 'TAYACAJA'),
(10, 'HUÁNUCO'),
(10, 'AMBO'),
(10, 'DOS DE MAYO'),
(10, 'HUACAYAMBA'),
(10, 'HUAMALÍES'),
(10, 'LEONCIO PRADO'),
(10, 'MARAÑÓN'),
(10, 'PACHITEA'),
(10, 'PUERTO INCA'),
(10, 'LAURICOCHA'),
(10, 'YAROWILCA'),
(11, 'ICA'),
(11, 'CHINCHA'),
(11, 'NASCA'),
(11, 'PALPA'),
(11, 'PISCO'),
(12, 'HUANCAYO'),
(12, 'CONCEPCIÓN'),
(12, 'CHANCHAMAYO'),
(12, 'JAUJA'),
(12, 'JUNÍN'),
(12, 'SATIPO'),
(12, 'TARMA'),
(12, 'YAULI'),
(12, 'CHUPACA'),
(13, 'TRUJILLO'),
(13, 'ASCOPE'),
(13, 'BOLÍVAR'),
(13, 'CHEPÉN'),
(13, 'JULCÁN'),
(13, 'OTUZCO'),
(13, 'PACASMAYO'),
(13, 'PATAZ'),
(13, 'SÁNCHEZ CARRIÓN'),
(13, 'SANTIAGO DE CHUCO'),
(13, 'GRAN CHIMÚ'),
(13, 'VIRÚ'),
(14, 'CHICLAYO'),
(14, 'FERREÑAFE'),
(14, 'LAMBAYEQUE'),
(15, 'LIMA METROPOLITANA'),
(15, 'BARRANCA'),
(15, 'CAJATAMBO'),
(15, 'CANTA'),
(15, 'CAÑETE'),
(15, 'HUARAL'),
(15, 'HUAROCHIRÍ'),
(15, 'HUAURA'),
(15, 'OYÓN'),
(15, 'YAUYOS'),
(16, 'MAYNAS'),
(16, 'ALTO AMAZONAS'),
(16, 'LORETO'),
(16, 'MARISCAL RAMÓN CASTILLA'),
(16, 'REQUENA'),
(16, 'UCAYALI'),
(16, 'DATEM DEL MARAÑÓN'),
(16, 'PUTUMAYO'),
(17,'TAMBOPATA'),
(17, 'MANU'),
(17, 'TAHUAMANU'),
(18, 'MARISCAL NIETO'),
(18, 'GENERAL SÁNCHEZ CERRO'),
(18, 'ILO'),
(19, 'PASCO'),
(19, 'DANIEL ALCIDES CARRIÓN'),
(19, 'OXAPAMPA'),
(20, 'PIURA'),
(20, 'AYABACA'),
(20, 'HUANCABAMBA'),
(20, 'MORROPÓN'),
(20, 'PAITA'),
(20, 'SULLANA'),
(20, 'TALARA'),
(20, 'SECHURA'),
(21, 'PUNO'),
(21, 'AZÁNGARO'),
(21, 'CARABAYA'),
(21, 'CHUCUITO'),
(21, 'EL COLLAO'),
(21, 'HUANCANÉ'),
(21, 'LAMPA'),
(21, 'MELGAR'),
(21, 'MOHO'),
(21, 'SAN ANTONIO DE PUTINA'),
(21, 'SAN ROMÁN'),
(21, 'SANDIA'),
(21, 'YUNGUYO'),
(22, 'MOYOBAMBA'),
(22, 'BELLAVISTA'),
(22, 'EL DORADO'),
(22, 'HUALLAGA'),
(22, 'LAMAS'),
(22, 'MARISCAL CÁCERES'),
(22, 'PICOTA'),
(22, 'RIOJA'),
(22, 'SAN MARTÍN'),
(22, 'TOCACHE'),
(23, 'TACNA'),
(23, 'CANDARAVE'),
(23, 'JORGE BASADRE'),
(23, 'TARATA'),
(24, 'TUMBES'),
(24, 'CONTRALMIRANTE VILLAR'),
(24, 'ZARUMILLA'),
(25, 'CORONEL PORTILLO'),
(25, 'ATALAYA'),
(25, 'PADRE ABAD'),
(25, 'PURÚS');

ALTER TABLE Distritos AUTO_INCREMENT = 1;
select*from Distritos;
INSERT INTO Distritos (Nombre_Distrito,ID_Provincia) VALUES
('CHACHAPOYAS',1),
('ASUNCIÓN',1),
('BALSAS',1),
('CHETO',1),
('CHILIQUIN',1),
('CHUQUIBAMBA',1),
('GRANADA',1),
('HUANCAS',1),
('LA JALCA',1),
('LEIMEBAMBA',1),
('LEVANTO',1),
('MAGDALENA',1),
('MARISCAL CASTILLA',1),
('MOLINOPAMPA',1),
('MONTEVIDEO',1),
('OLLEROS',1),
('QUINJALCA',1),
('SAN FRANCISCO DE DAGUAS',1),
('SAN ISIDRO DE MAINO',1),
('SOLOCO',1),
('SONCHE',1),
('BAGUA',2),
('ARAMANGO',2),
('COPALLÍN',2),
('EL PARCO',2),
('MAZA',2),
('LA PECA',2),
('JUMBILLA',3),
('CHISQUILLA',3),
('CHURUJA',3),
('COROSHA',3),
('CUISPES',3),
('FLORIDA',3),
('JAZÁN',3),
('RECTA',3),
('SAN CARLOS',3),
('SHIPASBAMBA',3),
('VALERA',3),
('YAMBRASBAMBA',3),
('NIEVA',4),
('EL CENEPA',4),
('RÍO SANTIAGO',4),
('LAMUD',5),
('CAMPORREDONDO',5),
('COCABAMBA',5),
('COLCAMAR',5),
('CONILA',5),
('INGUILPATA',5),
('LONGUITA',5),
('LONYA CHICO',5),
('LUYA',5),
('LUYA VIEJO',5),
('MARÍA',5),
('OCALLI',5),
('OCUMAL',5),
('PISUQUIA',5),
('PROVIDENCIA',5),
('SAN CRISTÓBAL',5),
('SAN FRANCISO DEL YESO',5),
('SAN JERÓNIMO',5),
('SAN JUAN DE LOPECANCHA',5),
('SANTA CATALINA',5),
('SANTO TOMÁS',5),
('TINGO',5),
('TRITA',5),
('SAN NICOLÁS',6),
('CHIRIMOTO',6),
('COCHAMAL',6),
('HUAMBO',6),
('LIMABAMBA',6),
('LONGAR',6),
('MARISCAL BENAVIDES',6),
('MILPUC',6),
('OMIA',6),
('SANTA ROSA',6),
('TOTORA',6),
('VISTA ALEGRE',6),
('BAGUA GRANDE',7),
('CAJARURO',7),
('CUMBA',7),
('EL MILAGRO',7),
('JAMALCA',7),
('LONYA GRANDE',7),
('YAMÓN',7),
('HUARAZ',8),
('COCHABAMBA',8),
('COLCABAMBA',8),
('HUANCHAY',8),
('INDEPENDENCIA',8),
('JANGAS',8),
('LA LIBERTAD',8),
('OLLEROS',8),
('PAMPAS',8),
('PARIACOTO',8),
('PIRA',8),
('TARICA',8),
('AIJA',9),
('CORIS',9),
('HUACLLAN',9),
('LA MERCED',9),
('SUCCHA',9),
('LLAMELLIN',10),
('ACZO',10),
('CHACCHO',10),
('CHINGAS',10),
('MIRGAS',10),
('SAN JUAN DE RONTOY',10),
('CHACAS',11),
('ACOCHAGA',11),
('CHIQUIÁN',12),
('ABELARDO PARDO LEZAMETA',12),
('ANTONIO RAYMONDI',12),
('AQUIA',12),
('CAJACAY',12),
('CANIS',12),
('COLQUIOC',12),
('HUALLANCA',12),
('HUASTA',12),
('HUAYLLACAYAN',12),
('LA PRIMAVERA',12),
('MANGAS',12),
('PACLLÓN',12),
('SAN MIGUEL DE CORPANQUI',12),
('TICLLOS',12),
('CARHUAZ',13),
('ACOPAMPA',13),
('AMASHCA',13),
('ANTA',13),
('ATAQUERO',13),
('MARCARA',13),
('PARIAHUANCA',13),
('SAN MIGUEL DE ACO',13),
('SHILLA',13),
('TINCO',13),
('YUNGAR',13),
('SAN LUIS',14),
('SAN NICOLÁS',14),
('YAUYA',14),
('CASMA',15),
('BUENA VISTA ALTA',15),
('COMANDANTE NOEL',15),
('YAUTAN',15),
('CORONGO',16),
('ACO',16),
('BAMBAS',16),
('CUSCA',16),
('LA PAMPA',16),
('YANAC',16),
('YUPÁN',16),
('HUARI',17),
('ANRA',17),
('CAJAY',17),
('CHAVÍN DE HUÁNTAR',17),
('HUACACHI',17),
('HUACCHIS',17),
('HUACHIS',17),
('HUÁNTAR',17),
('MASIN',17),
('PAUCAS',17),
('PONTO',17),
('RAHUAPAMPA',17),
('RAPAYAN',17),
('SAN MARCOS',17),
('SAN PEDRO DE CHANA',17),
('UCO',17),
('HUARMEY',18),
('COCHAPETI',18),
('CULEBRAS',18),
('HUAYÁN',18),
('MALVAS',18),
('CARAZ',19),
('HUALLANCA',19),
('HUATA',19),
('HUAYLAS',19),
('MATO',19),
('PAMPAROMAS',19),
('PUEBLO LIBRE',19),
('SANTA CRUZ',19),
('SANTO TORIBIO',19),
('YURACMARCA',19),
('PISCOBAMBA',20),
('CASCA',20),
('ELEAZAR GUZMÁN BARRÓN',20),
('FIDEL OLIVAS ESCUDERO',20),
('LLAMA',20),
('LLUMPA',20),
('LUCMA',20),
('MUSGA',20),
('OCROS',21),
('ACAS',21),
('CAJAMARQUILLA',21),
('CARHUAPAMPA',21),
('COCHAS',21),
('CONGAS',21),
('LLIPA',21),
('SAN CRISTÓBAL DE RAJÁN',21),
('SAN PEDRO DE CHANA',21),
('SANTIAGO DE CHILCAS',21),
('CABANA',22),
('BOLOGNESI',22),
('CONCHUCOS',22),
('HUACASCHUQUE',22),
('HUANDOVAL',22),
('LACABAMBA',22),
('LLAPO',22),
('PALLASCA',22),
('PAMPAS',22),
('SANTA ROSA',22),
('TAUCA',22),
('POMABAMBA',23),
('HUAYLLÁN',23),
('PAROBAMBA',23),
('QUINUABAMBA',23),
('RECUAY',24),
('CATAC',24),
('COTAPARACO',24),
('HUAYLLAPAPA',24),
('LLACLLÍN',24),
('MARCARA',24),
('PAMPAS CHICO',24),
('PARARÍN',24),
('TAPACOCHA',24),
('TICAPAMPA',24),
('CHIMBOTE',25),
('CÁCERES DEL PERÚ',25),
('COISHCO',25),
('MACATE',25),
('MORO',25),
('NEPEÑA',25),
('SAMANCO',25),
('SANTA',25),
('NUEVO CHIMBOTE',25),
('SIHUAS',26),
('ACOBAMBA',26),
('ALFONSO UGARTE',26),
('CASHAPAMPA',26),
('CHINGALPO',26),
('HUAYLLABAMBA',26),
('QUICHES',26),
('RAGASH',26),
('SAN JUAN',26),
('SICSIBAMBA',26),
('YUNGAY',27),
('CASCAPARA',27),
('MANCOS',27),
('MATACOTO',27),
('QUILLO',27),
('RANRAHIRCA',27),
('SHUPLUY',27),
('YANAMA',27),
('ABANCAY',28),
('CHACOCHE',28),
('CIRCA',28),
('CURAHUASI',28),
('HUANIPACA',28),
('LAMBRANA',28),
('PICHIRHUA',28),
('SAN PEDRO DE CACHORA',28),
('TAMBURCO',28),
('ANDAHUAYLAS',29),
('ANDARAPA',29),
('CHIARA',29),
('HUANCARAMA',29),
('HUANCARAY',29),
('HUAYANA',29),
('KISHUARA',29),
('PACOBAMBA',29),
('PACUCHA',29),
('PAMPACHIRI',29),
('POMACOCHA',29),
('SAN ANTONIO DE CACHI',29),
('SAN JERÓNIMO',29),
('SAN MIGUEL DE CHACCRAMPA',29),
('SANTA MARÍA DE CHICMO',29),
('TALAVERA',29),
('TUMAY HUARACA',29),
('TURPO',29),
('KAQUIABAMBA',29),
('JOSÉ MARÍA ARGUEDAS',29),
('ANTABAMBA',30),
('EL ORO',30),
('HUAQUIRCA',30),
('JUAN ESPINOZA MEDRANO',30),
('OROPESA',30),
('PACHACONAS',30),
('SABAINO',30),
('CHALHUANCA',31),
('CAPAYA',31),
('CARAYBAMBA',31),
('CHAPIMARCA',31),
('COLCABAMBA',31),
('COTARUSE',31),
('HUAYLLO',31),
('JUSTO APU SAHUARAURA',31),
('LUCRE',31),
('POCOHUANCA',31),
('SAN JUAN DE CHACÑA',31),
('SAÑAYCA',31),
('SORAYA',31),
('TAPAIRIHUA',31),
('TINTAY',31),
('TORAYA',31),
('YANACA',31),
('TAMBOBAMBA',32),
('COTABAMBAS',32),
('COYLLURQUI',32),
('HAQUIRA',32),
('MARA',32),
('CHALLHUAHUACHO',32),
('CHINCHEROS',33),
('ANCO-HUALLO',33),
('COCHARCAS',33),
('HUACCANA',33),
('OCOBAMBA',33),
('ONGOY',33),
('URANMARCA',33),
('RANRACANCHA',33),
('ROCCHACC',33),
('EL PORVENIR',33),
('LOS CHANKAS',33),
('AHUAYRO',33),
('CHUQUIBAMBILLA',34),
('CURPAHUASI',34),
('GAMARRA',34),
('HUAYLLATI',34),
('MAMARA',34),
('MICAELA BASTIDAS',34),
('PATAYPAMPA',34),
('PROGRESO',34),
('SAN ANTONIO',34),
('SANTA ROSA',34),
('TURPAY',34),
('VILCABAMBA',34),
('VIRUNDO',34),
('CURASCO',34),
('AREQUIPA',35),
('ALTO SELVA ALEGRE',35),
('CAYMA',35),
('CERRO COLORADO',35),
('CHARACATO',35),
('CHIGUATA',35),
('JACOBO HUNTER',35),
('LA JOYA',35),
('MARIANO MELGAR',35),
('MIRAFLORES',35),
('MOLLEBAYA',35),
('PAUCARPATA',35),
('POCSI',35),
('POLOBAYA',35),
('QUEQUEÑA',35),
('SABANDÍA',35),
('SACHACA',35),
('SAN JUAN DE SIGUAS',35),
('SAN JUAN DE TARUCANI',35),
('SANTA ISABEL DE SIGUAS',35),
('SANTA RITA DE SIGUAS',35),
('SOCABAYA',35),
('TIABAYA',35),
('UCHUMAYO',35),
('VITOR',35),
('YANAHUARA',35),
('YARABAMBA',35),
('YURACMARCA',35),
('JOSÉ LUIS BUSTAMENTE Y RIVERO',35),
('CAMANÁ',36),
('JOSÉ MARÍA QUÍMPER',36),
('MARIANO NICOLÁS VALCÁRCEL',36),
('MARISCAL CÁCERES',36),
('NICOLÁS DE PIÉROLA',36),
('OCOÑA',36),
('QUILCA',36),
('SAMUEL PASTOR',36),
('CARAVELÍ',37),
('ACARI',37),
('ATICO',37),
('ATIQUIPA',37),
('BELLA UNIÓN',37),
('CAHUACHO',37),
('CHALA',37),
('CHAPARRA',37),
('HUANUHUANU',37),
('JAQUI',37),
('LOMAS',37),
('QUICACHA',37),
('YAUCA',37),
('APLAO',38),
('ANDAGUA',38),
('AYO',38),
('CHACHAS',38),
('CHILCAYMARCA',38),
('CHOCO',38),
('HUANCARQUI',38),
('MACHAGUAY',38),
('ORCOPAMPA',38),
('PAMPACOLCA',38),
('TIPAN',38),
('UÑÓN',38),
('URACA',38),
('VIRACO',38),
('CHIVAY',39),
('ACHOMA',39),
('CABANACONDE',39),
('CALLALLI',39),
('CAYLLOMA',39),
('COPORAQUE',39),
('HUAMBO',39),
('HUANCA',39),
('ICHUPAMPA',39),
('LARI',39),
('LLUTA',39),
('MACA',39),
('MADRIGAL',39),
('SAN ANTONIO DE CHUCA',39),
('SIBAYO',39),
('TAPAY',39),
('TISCO',39),
('TUTI',39),
('YANQUE',39),
('MAJES',39),
('CHUQUIBAMBA',40),
('ANDARAY',40),
('CAYARANI',40),
('CHICHAS',40),
('IRAY',40),
('RÍO GRANDE',40),
('SALAMANCA',40),
('YANAQUIHUA',40),
('MOLLENDO',41),
('COCACHACRA',41),
('DEAN VALDIVIA',41),
('ISLAY',41),
('MEJÍA',41),
('PUNTA DE BOMBÓN',41),
('COTAHUASI',42),
('ALCA',42),
('CHARCANA',42),
('HUAYNACOTAS',42),
('PAMPAMARCA',42),
('PUYCA',42),
('QUECHUALLA',42),
('SAYLA',42),
('TAURÍA',42),
('TOMEPAMPA',42),
('TORO',42),
('AYACUCHO',43),
('ACOCRO',43),
('ACOS VINCHOS',43),
('CARMEN ALTO',43),
('CHIARA',43),
('OCROS',43),
('PACAYCASA',43),
('QUINUA',43),
('SAN JOSÉ DE TICLLAS',43),
('SAN JUAN BAUTISTA',43),
('SANTIAGO DE PISCHA',43),
('SOCOS',43),
('TAMBILLO',43),
('VINCHOS',43),
('JESÚS NAZARENO',43),
('ANDRÉS AVELINO CÁCERES DORREGARAY',43),
('CANGALLO',44),
('CHUSCHI',44),
('LOS MOROCHUCOS',44),
('MARÍA PARADO DE BELLIDO',44),
('PARAS',44),
('TOTOS',44),
('SANCOS',45),
('CARAPO',45),
('SACSAMARCA',45),
('SANTIAGO DE LUCANAMARCA',45),
('HUANTA',46),
('AYAHUANCO',46),
('HUAMANGUILLA',46),
('IGUAIN',46),
('LURICOCHA',46),
('SANTILLANA',46),
('SIVIA',46),
('LLOCHEGUA',46),
('CANAYRE',46),
('UCHURACCAY',46),
('PUCACOLPA',46),
('CHACA',46),
('PUTIS',46),
('SAN MIGUEL',47),
('ANCO',47),
('AYNA',47),
('CHILCAS',47),
('CHUNGUI',47),
('LUIS CARRANZA',47),
('SANTA ROSA',47),
('TAMBO',47),
('SAMUGARI',47),
('ANCHIHUAY',47),
('ORONCOY',47),
('UNIÓN PROGRESO',47),
('RIO MAGDALENA',47),
('NINABAMBA',47),
('PATIBAMBA',47),
('PUQUIO',48),
('AUCARA',48),
('CABANA',48),
('CARMEN SALCEDO',48),
('CHAVIÑA',48),
('CHIPAO',48),
('HUAC-HUAS',48),
('LARAMATE',48),
('LEONCIO PRADO',48),
('LLAUTA',48),
('LUCANAS',48),
('OCAÑA',48),
('OTOCA',48),
('SAISA',48),
('SAN CRISTÓBAL',48),
('SAN JUAN',48),
('SAN PEDRO',48),
('SAN PEDRO DE PALCO',48),
('SANCOS',48),
('SANTA ANA DE HUAYCAHUACHO',48),
('SANTA LUCÍA',48),
('CORACORA',49),
('CHUMPI',49),
('CORONEL CASTAÑEDA',49),
('PACAPAUSA',49),
('PULLO',49),
('PUYUSCA',49),
('SAN FRANCISCO DE RAVACAYCO',49),
('UPAHUACHO',49),
('PAUSA',50),
('COLTA',50),
('CORCULLA',50),
('LAMPA',50),
('MARCABAMBA',50),
('OYOLO',50),
('PARARCA',50),
('SAN JAVIER DE ALPABAMBA',50),
('SAN JOSÉ DE USHUA',50),
('SARA SARA',50),
('QUEROBAMBA',51),
('BELÉN',51),
('CHALCOS',51),
('CHILCAYOC',51),
('HUACAÑA',51),
('MORCOLLA',51),
('PAICO',51),
('SAN PEDRO DE LARCAY',51),
('SAN SALVADOR DE QUIJE',51),
('SANTIAGO DED PÁUCARAY',51),
('SORAS',51),
('HUANCAPI',52),
('ALCAMENCA',52),
('APONGO',52),
('ASQUIPATA',52),
('CANARIA',52),
('CAYARA',52),
('COLCA',52),
('HUAMÁNQUIQUIA',52),
('HUANCARAYLLA',52),
('HUAYA',52),
('SARHUA',52),
('VILCANCHOS',52),
('VILCAS HUAMÁN',53),
('ACCOMARCA',53),
('CARHUANCA',53),
('CONCEPCIÓN',53),
('HUAMBALPA',53),
('INDEPENDENCIA',53),
('SAURAMA',53),
('VISCHONGO',53),
('CAJAMARCA',54),
('ASUNCIÓN',54),
('CHETILLA',54),
('COSPAN',54),
('ENCAÑADA',54),
('JESÚS',54),
('LLACANORA',54),
('LOS BAÑOS DEL INCA',54),
('MAGDALENA',54),
('MATARA',54),
('NAMORA',54),
('SAN JUAN',54),
('CAJABAMBA',55),
('CACHACHI',55),
('CONDEBAMBA',55),
('SITACOCHA',55),
('CELENDÍN',56),
('CHUMUCH',56),
('CORTEGANA',56),
('HUASMIN',56),
('JORGE CHÁVEZ',56),
('JOSÉ GÁLVEZ',56),
('MIGUEL IGLESIAS',56),
('OXAMARCA',56),
('SOROCHUCO',56),
('SUCRE',56),
('UTCO',56),
('LA LIBERTAD DE PALLÁN',56),
('CHOTA',57),
('ANGUÍA',57),
('CHADÍN',57),
('CHIGUIRIP',57),
('CHIMBAN',57),
('CHOROPAMPA',57),
('COCHABAMBA',57),
('CONCHÁN',57),
('HUAMBOS',57),
('LAJAS',57),
('LLAMA',57),
('MIRACOSTA',57),
('PACCHA',57),
('PIÓN',57),
('QUEROCOTO',57),
('SAN JUAN DE LICUPIS',57),
('TACABAMBA',57),
('TOCMOCHE',57),
('CHALAMARCA',57),
('CONTUMAZÁ',58),
('CHILETE',58),
('CUPISNIQUE',58),
('GUZMANGO',58),
('SAN BENITO',58),
('SANTA CRUZ DE TOLEDO',58),
('TANTARICA',58),
('YONAN',58),
('CUTERVO',59),
('CALLAYUC',59),
('CHOROS',59),
('CUJILLO',59),
('LA RAMADA',59),
('PIMPINGOS',59),
('QUEROCOTILLO',59),
('SAN ANDRÉS DE CUTERVO',59),
('SAN JUAN DE CUTERVO',59),
('SAN LUIS DE LUCMA',59),
('SANTA CRUZ',59),
('SANTO DOMINGO DE LA CAPILLA',59),
('SANTO TOMÁS',59),
('SOCOTA',59),
('TORIBIO CASANOVA',59),
('BAMBAMARCA',60),
('CHUGUR',60),
('HUALGAYOC',60),
('JAÉN',61),
('BELLAVISTA',61),
('CHONTALI',61),
('COLASAY',61),
('HUABAL',61),
('LAS PIRIAS',61),
('POMAHUACA',61),
('PUCARA',61),
('SALLIQUE',61),
('SAN FELIPE',61),
('SAN JOSÉ DEL ALTO',61),
('SANTA ROSA',61),
('SAN IGNACIO',62),
('CHIRINOS',62),
('HUARANGO',62),
('LA COIPA',62),
('NAMBALLE',62),
('SAN JOSÉ DE LOURDES',62),
('TABACONAS',62),
('PEDRO GÁLVEZ',63),
('CHANCAY',63),
('EDUARDO VILLANUEVA',63),
('GREGORIO PITA',63),
('ICHOCAN',63),
('JOSÉ MANUEL QUIROZ',63),
('JOSÉ SABOGAL',63),
('SAN MIGUEL',64),
('BOLÍVAR',64),
('CALQUIS',64),
('CATILLUC',64),
('EL PRADO',64),
('LA FLORIDA',64),
('LLAPA',64),
('NANCHOC',64),
('NIEPOS',64),
('SAN GREGORIO',64),
('SAN SILVESTRE DE COCHÁN',64),
('TONGOD',64),
('UNIÓN AGUA BLANCA',64),
('SAN PABLO',65),
('SAN BERNARDINO',65),
('SAN LUIS',65),
('TUMBADEN',65),
('SANTA CRUZ',66),
('ANDABAMBA',66),
('CATACHE',66),
('CHANCAYBAÑOS',66),
('LA ESPERANZA',66),
('NINABAMBA',66),
('PULAN',66),
('SAUCEPAMPA',66),
('SEXI',66),
('UTICYACU',66),
('YAUYUCÁN',66),
('CALLAO',67),
('BELLAVISTA',67),
('CARMEN DE LA LEGUA REYNOSO',67),
('LA PERLA',67),
('LA PUNTA',67),
('VENTANILLA',67),
('MI PERÚ',67),
('CUSCO',68),
('CCORCA',68),
('POROY',68),
('SAN JERÓNIMO',68),
('SAN SEBASTIÁN',68),
('SANTIAGO',68),
('SAYLLA',68),
('WANCHAQ',68),
('ACOMAYO',69),
('ACOPIA',69),
('ACOS',69),
('MOSOC LLACTA',69),
('POMACANCHI',69),
('RONDOCÁN',69),
('SANGARARÁ',69),
('ANTA',70),
('ANCAHUASI',70),
('CACHIMAYO',70),
('CHINCHAYPUJIO',70),
('HUAROCONDO',70),
('LIMATAMBO',70),
('MOLLEPATA',70),
('PUCYURA',70),
('ZURITE',70),
('CALCA',71),
('COYA',71),
('LAMAY',71),
('LARES',71),
('PISAC',71),
('SAN SALVADOR',71),
('TARAY',71),
('YANATILE',71),
('YANAOCA',72),
('CHECCA',72),
('KUNTURKANKI',72),
('LANGUI',72),
('LAYO',72),
('PAMPAMARCA',72),
('QUEHUE',72),
('TÚPAC AMARU',72),
('SICUANI',73),
('CHECACUPE',73),
('COMBAPATA',73),
('MARANGANI',73),
('PITUMARCA',73),
('SAN PABLO',73),
('SAN PEDRO',73),
('TINTA',73),
('SANTO TOMÁS',74),
('CAPACMARCA',74),
('CHAMACA',74),
('COLQUEMARCA',74),
('LIVITACA',74),
('LLUSCO',74),
('QUIÑOTA',74),
('VELILLE',74),
('ESPINAR',75),
('CONDOROMA',75),
('COPORAQUE',75),
('OCORURO',75),
('PALLPATA',75),
('PICHIGUA',75),
('SUYCKUTAMBO',75),
('ALTO PICHIGUA',75),
('SANTA ANA',76),
('ECHARATE',76),
('HUAYOPATA',76),
('MARANURA',76),
('OCOBAMBA',76),
('QUELLOUNO',76),
('KIMBIRI',76),
('SANTA TERESA',76),
('VILCABAMBA',76),
('PICHARI',76),
('INKAWASI',76),
('VILLA VIRGEN',76),
('VILLA KINTIARINA',76),
('MEGANTONI',76),
('KUMPIRUSHIATO',76),
('CIELO PUNCO',76),
('MANITEA',76),
('UNIÓN ASHÁNINKA',76),
('PARURO',77),
('ACCHA',77),
('CCAPI',77),
('COLCHA',77),
('HUANOQUITE',77),
('OMACHA',77),
('PACCARITAMBO',77),
('PILLPINTO',77),
('YAURISQUE',77),
('PAUCARTAMBO',78),
('CAICAY',78),
('CHALLABAMBA',78),
('COLQUEPATA',78),
('HUANCARANI',78),
('KOSÑIPATA',78),
('URCOS',79),
('ANDAHUAYLILLAS',79),
('CAMANTI',79),
('CCARHUAYO',79),
('CCATCA',79),
('CUSIPATA',79),
('HUARO',79),
('LUCRE',79),
('MARCAPATA',79),
('OCONGATE',79),
('OROPESA',79),
('QUIQUIJANA',79),
('URUBAMBA',80),
('CHINCHERO',80),
('HUAYLLABAMBA',80),
('MACHUPICCHU',80),
('MARAS',80),
('OLLANTAYTAMBO',80),
('YUCAY',80),
('HUANCAVELICA',81),
('ACOBAMBILLA',81),
('ACORIA',81),
('CONAYCA',81),
('CUENCA',81),
('HUACHOCOLPA',81),
('HUAYLLAHUARA',81),
('IZCUCHACA',81),
('LARIA',81),
('MANTA',81),
('MARISCAL CÁCERES',81),
('MOYA',81),
('NUEVO OCCORO',81),
('PALCA',81),
('PILCHACA',81),
('VILCA',81),
('YAULI',81),
('ASCENSIÓN',81),
('HUANDO',81),
('ACOBAMBA',82),
('ANDABAMBA',82),
('ANTA',82),
('CAJA',82),
('MARCAS',82),
('PAUCARÁ',82),
('POMACOCHA',82),
('ROSARIO',82),
('LIRCAY',83),
('ANCHONGA',83),
('CALLANMARCA',83),
('CCOCHACCASA',83),
('CHINCHO',83),
('CONGALLA',83),
('HUANCA-HUANCA',83),
('HUAYLLAY GRANDE',83),
('JULCAMARCA',83),
('SAN ANTONIO DE ANTAPARCO',83),
('SANTO TOMÁS DE PATA',83),
('SECCLLA',83),
('CASTROVIRREYNA',84),
('ARMA',84),
('AURAHUA',84),
('CAPILLAS',84),
('CHUPAMARCA',84),
('COCAS',84),
('HUACHOS',84),
('HUAMATAMBO',84),
('MOLLEPAMPA',84),
('SAN JUAN',84),
('SANTA ANA',84),
('TANTARÁ',84),
('TICRAPO',84),
('CHURCAMPA',85),
('ANCO',85),
('CHINCHIHUASI',85),
('EL CARMEN',85),
('LA MERCED',85),
('LOCROJA',85),
('PAUCARBAMBA',85),
('SAN MIGUEL DE MAYOCC',85),
('SAN PEDRO DE CORIS',85),
('PACHAMARCA',85),
('COSME',85),
('HUAYTARÁ',86),
('AYAVI',86),
('CORDOVA',86),
('HUAYACUNDO ARMA',86),
('LARAMARCA',86),
('OCOYO',86),
('PILPICHACA',86),
('QUERCO',86),
('QUITO-ARMA',86),
('SAN ANTONIO DE CUSICANCHA',86),
('SAN FRANCISCO DE SANGAYAICO',86),
('SAN ISIDRO',86),
('SANTIAGO DE CHOCORVOS',86),
('SANTIAGO DE QUIRAHUARA',86),
('SANTO DOMINGO DE CAPILLAS',86),
('TAMBO',86),
('PAMPAS',87),
('ACOSTAMBO',87),
('ACRAQUIA',87),
('AHUAYCHA',87),
('COLCABAMBA',87),
('DANIEL HERNANDEZ',87),
('HUACHOCOLPA',87),
('HUARIBAMBA',87),
('ÑAHUIMPUQUIO',87),
('PAZOS',87),
('QUISHUAR',87),
('SALCABAMBA',87),
('SALCAHUASI',87),
('SAN MARCOS DE ROCCHAC',87),
('SURCUBAMBA',87),
('TINTAY PUNCU',87),
('QUICHUAS',87),
('ANDAYMARCA',87),
('ROBLE',87),
('PICHOS',87),
('SANTIAGO DE TUCUMA',87),
('LAMBRAS',87),
('COCHABAMBA',87),
('HUÁNUCO',88),
('AMARILIS',88),
('CHINCHAO',88),
('CHURUBAMBA',88),
('MARGOS',88),
('QUISQUI',88),
('SAN FRANCISCO DE CAYRÁN',88),
('SNA PEDRO DE CHAULÁN',88),
('SANTA MARÍA DEL VALLE',88),
('YARUMAYO',88),
('PILLCO MARCA',88),
('YACUS',88),
('SAN PABLO DE PILLAO',88),
('AMBO',89),
('CAYNA',89),
('COLPAS',89),
('CONCHAMARCA',89),
('HUÁCAR',89),
('SAN FRANCISCO',89),
('SAN RAFAEL',89),
('TOMAY KICHWA',89),
('LA UNIÓN',90),
('CHUQUIS',90),
('MARÍAS',90),
('PACHAS',90),
('QUIVILLA',90),
('RIPAN',90),
('SHUNQUI',90),
('SILLAPATA',90),
('YANAS',90),
('HUACAYBAMBA',91),
('CANCHABAMBA',91),
('COCHABAMBA',91),
('PINRA',91),
('LLATA',92),
('ARANCAY',92),
('CHAVÍN DE PARIARCA',92),
('JACAS GRANDE',92),
('JIRCÁN',92),
('MIRAFLORES',92),
('MONZÓN',92),
('PUNCHAO',92),
('PUÑOS',92),
('SINGA',92),
('TANTAMAYO',92),
('RUPA-RUPA',93),
('DANIEL ALOMÍA ROBLES',93),
('HERMILIO VALDIZÁN',93),
('JOSÉ CRESPO Y CASTILLO',93),
('LUYANDO',93),
('MARIANO DAMASO BERAÚN',93),
('PUCAYACU',93),
('CASTILLO GRANDE',93),
('PUEBLO NUEVO',93),
('SANTO DOMINGO DE ANDA',93),
('HUACRACHUCO',94),
('CHOLÓN',94),
('SAN BUENAVENTURA',94),
('LA MORADA',94),
('SANTA ROSA DE ALTO YANAJANCA',94),
('PANAO',95),
('CHAGLLA',95),
('MOLINO',95),
('UMARI',95),
('PUERTO INCA',96),
('CODO DEL POZUZO',96),
('HONORIA',96),
('TOURNAVISTA',96),
('YUYAPICHIS',96),
('JESÚS',97),
('BAÑOS',97),
('JIVIA',97),
('QUEROPALCA',97),
('RONDOS',97),
('SAN FRANCISO DE ASIS',97),
('SAN MIGUEL DE CAURI',97),
('CHAVINILLO',98),
('CAHUAC',98),
('CHACABAMBA',98),
('APARICIO POMARES',98),
('JACAS CHICO',98),
('OBAS',98),
('PAMPAMARCA',98),
('CHORAS',98),
('ICA',99),
('LA TINGUIÑA',99),
('LOS AQUIJES',99),
('OCUCAJE',99),
('PACHACUTEC',99),
('PARCONA',99),
('PUEBLO NUEVO',99),
('SALAS',99),
('SAN JOSÉ DE LOS MOLINOS',99),
('SAN JUAN BAUTISTA',99),
('SANTIAGO',99),
('SUBTANJALLA',99),
('TATE',99),
('YAUCA DEL ROSARIO',99),
('CHINCHA ALTA',100),
('ALTO LARAN',100),
('CHAVÍN DE PARIARCA',100),
('CHINCHA BAJA',100),
('EL CARMEN',100),
('GROCIO PRADO',100),
('PUEBLO NUEVO',100),
('SAN JUAN DE YANAC',100),
('SAN PEDRO DE HUACARPANA',100),
('SUNAMPE',100),
('TAMBO DE MORA',100),
('NASCA',101),
('CHANGUILLO',101),
('EL INGENIO',101),
('MARCONA',101),
('VISTA ALEGRE',101),
('PALPA',102),
('LLIPATA',102),
('RÍO GRANDE',102),
('SANTA CRUZ',102),
('TIBILLO',102),
('PISCO',103),
('HUANCANO',103),
('HUMAY',103),
('INDEPENDENCIA',103),
('PARACAS',103),
('SAN ANDRÉS',103),
('SAN CLEMENTE',103),
('TÚPAC AMARU INCA',103),
('HUANCAYO',104),
('CARHUACALLANGA',104),
('CHACAPAMPA',104),
('CHICCHE',104),
('CHILCAYOC',104),
('CHONGOS ALTO',104),
('CHUPURO',104),
('COLCA',104),
('CULLHUAS',104),
('EL TAMBO',104),
('HUACRAPUQUIO',104),
('HUALHUAS',104),
('HUANCAN',104),
('HUASICANCHA',104),
('HUAYUCACHI',104),
('INGENIO',104),
('PARIAHUANCA',104),
('PILCOMAYO',104),
('PUCARA',104),
('QUICHUAY',104),
('QUILCAS',104),
('SAN AGUSTÍN',104),
('SAN JERÓNIMO DE TUNÁN',104),
('SAÑO',104),
('SAPALLANGA',104),
('SICAYA',104),
('SANTO DOMINGO DE ACOBAMBA',104),
('VIQUES',104),
('CONCEPCIÓN',105),
('ACO',105),
('ANDAMARCA',105),
('CHAMBARA',105),
('COCHAS',105),
('COMAS',105),
('HEROÍNAS TOLEDO',105),
('MANZANARES',105),
('MARISCAL CASTILLA',105),
('MATAHUASI',105),
('MITO',105),
('NUEVE DE JULIO',105),
('ORCOTUNA',105),
('SAN JOSÉ DE QUERO',105),
('SANTA ROSA DE OCOPA',105),
('CHANCHAMAYO',106),
('PERENÉ',106),
('PICHANAQUI',106),
('SAN LUIS DE SHUARO',106),
('SAN RAMÓN',106),
('VITOC',106),
('JAUJA',107),
('ACOLLA',107),
('APATA',107),
('ATAURA',107),
('CANCHAYLLO',107),
('CURICACA',107),
('EL MANTARO',107),
('HUAMALI',107),
('HUARIPAMPA',107),
('HUERTAS',107),
('JANJAILLO',107),
('JULCÁN',107),
('LEONOR ORDÓÑEZ',107),
('LLOCLLAPAMPA',107),
('MARCONA',107),
('MASMA',107),
('MASMA CHICCHE',107),
('MOLINOS',107),
('MONOBAMBA',107),
('MUQUI',107),
('MUQUIYAUYO',107),
('PACA',107),
('PACCHA',107),
('PANCAN',107),
('PARCO',107),
('POMACANCHA',107),
('RICRAN',107),
('SAN LORENZO',107),
('SAN PEDRO DE CHUNAN',107),
('SAUSA',107),
('SINCOS',107),
('TUNÁN MARCA',107),
('YAULI',107),
('YAUYOS',107),
('JUNÍN',108),
('CARHUAMAYO',108),
('ONDORES',108),
('ULCUMAYO',108),
('SATIPO',109),
('COVIRIALI',109),
('LLAYLLA',109),
('MAZAMARI',109),
('PAMPA HERMOSA',109),
('PANGOA',109),
('RÍO NEGRO',109),
('RÍO TAMBO',109),
('VIZCATÁN DEL ENE',109),
('TARMA',110),
('ACOBAMBA',110),
('HUARICOLCA',110),
('HUASAHUASI',110),
('LA UNIÓN',110),
('PALCA',110),
('PALCAMAYO',110),
('SAN PEDRO DE CAJAS',110),
('TAPO',110),
('LA OROYA',111),
('CHACAPALPA',111),
('HUAY-HUAY',111),
('MARCAPOMACOCHA',111),
('MOROCOCHA',111),
('PACCHA',111),
('SANTA BÁRBARA DE CARHUACAYAN',111),
('SANTA ROSA DE SACCO',111),
('SUITUCANCHA',111),
('YAULI',111),
('CHUPACA',112),
('AHUAC',112),
('CHONGOS BAJO',112),
('HUACHAC',112),
('HUAMANCACA CHICO',112),
('SAN JUAN DE ISCOS',112),
('SAN JUAN DE JARPA',112),
('TRES DE DICIEMBRE',112),
('YANACANCHA',112),
('TRUJILLO',113),
('EL PORVENIR',113),
('FLORENCIA DE MORA',113),
('HUANCHACO',113),
('LA ESPERANZA',113),
('LAREDO',113),
('MOCHE',113),
('POROTO',113),
('SALAVERRY',113),
('SIMBAL',113),
('VÍCTOR LARCO HERRERA',113),
('ASCOPE',114),
('CHICAMA',114),
('CHOCOPE',114),
('MAGDALENA DE CAO',114),
('PAIJÁN',114),
('RÁZURI',114),
('SANTIAGO DE CAO',114),
('CASA GRANDE',114),
('BOLÍVAR',115),
('BAMBAMARCA',115),
('CONDORMARCA',115),
('LONGOTEA',115),
('UCHUARCA',115),
('UCUNCHA',115),
('CHEPÉN',116),
('PACANGA',116),
('PUEBLO NUEVO',116),
('JULCÁN',117),
('CALAMARCA',117),
('CARABAMBA',117),
('HUASO',117),
('OTUZCO',118),
('AGALLPAMPA',118),
('CHARAT',118),
('HUARANCHAL',118),
('LA CUESTA',118),
('MACHE',118),
('PARANDAY',118),
('SALPO',118),
('SINSICAP',118),
('USQUIL',118),
('SAN PEDRO DE LLOC',119),
('GUADALUPE',119),
('JEQUETEPEQUE',119),
('PACASMAYO',119),
('SAN JOSÉ',119),
('TAYABAMBA',120),
('BULDIBUYO',120),
('CHILLIA',120),
('HUANCASPATA',120),
('HUAYLILLAS',120),
('HUAYO',120),
('ONGON',120),
('PARCOY',120),
('PATAZ',120),
('PIAS',120),
('SANTIAGO DE CHALLAS',120),
('TAURIJA',120),
('URPAY',120),
('HUAMACHUCO',121),
('CHUGAY',121),
('COCHORCO',121),
('CURGOS',121),
('MARCABAL',121),
('SANAGORAN',121),
('SARÍN',121),
('SARTIMBAMBA',121),
('SANTIAGO DE CHUCO',122),
('ANGASMARCA',122),
('CACHICADÁN',122),
('MOLLEBAMBA',122),
('MOLLEPATA',122),
('QUIRUVILCA',122),
('SANTA CRUZ DE CHUCA',122),
('SITABAMBA',122),
('CASCAS',123),
('LUCMA',123),
('MARMOT',123),
('SAYAPULLO',123),
('VIRÚ',124),
('CHAO',124),
('GUADALUPITO',124),
('CHICLAYO',125),
('CHONGOYAPE',125),
('ETÉN',125),
('ETÉN PUERTO',125),
('JOSÉ LEONARDO ORTÍZ',125),
('LA VICTORIA',125),
('LAGUNAS',125),
('MONSEFÚ',125),
('NUEVA ARICA',125),
('OYOTÚN',125),
('PICSI',125),
('PIMENTEL',125),
('REQUE',125),
('SANTA ROSA',125),
('SAÑA',125),
('CAYALTI',125),
('PÁTAPO',125),
('POMALCA',125),
('PUCALÁ',125),
('TUMÁN',125),
('FERREÑAFE',126),
('CAÑARIS',126),
('INCAHUASI',126),
('MANUEL ANTONIO MESONES MURO',126),
('PÍTIPO',126),
('PUEBLO NUEVO',126),
('LAMBAYEQUE',127),
('CHOCHOPE',127),
('ÍLLIMO',127),
('JAYANCA',127),
('MOCHUMI',127),
('MÓRROPE',127),
('MOTUPE',127),
('OLMOS',127),
('PACORA',127),
('SALAS',127),
('SAN JOSÉ',127),
('TÚCUME',127),
('LIMA',128),
('ANCÓN',128),
('ATE',128),
('BARRANCO',128),
('BREÑA',128),
('CARABAYLLO',128),
('CHACLACAYO',128),
('CHORRILLOS',128),
('CIENEGUILLA',128),
('COMAS',128),
('EL AGUSTINO',128),
('INDEPENDENCIA',128),
('JESÚS MARÍA',128),
('LA MOLINA',128),
('LA VICTORIA',128),
('LINCE',128),
('LOS OLIVOS',128),
('LURIGANCHO',128),
('LURÍN',128),
('MAGDALENA DEL MAR',128),
('PUEBLO LIBRE',128),
('MIRAFLORES',128),
('PACHACAMAC',128),
('PUCUSANA',128),
('PUENTE PIEDRA',128),
('PUNTA HERMOSA',128),
('PUNTA NEGRA',128),
('RÍMAC',128),
('SAN BARTOLO',128),
('SAN BORJA',128),
('SAN ISIDRO',128),
('SAN JUAN DE LURIGANCHO',128),
('SAN JUAN DE MIRAFLORES',128),
('SAN LUIS',128),
('SAN MARTÍN DE PORRES',128),
('SAN MIGUEL',128),
('SANTA ANITA',128),
('SANTA MARÍA DEL MAR',128),
('SANTA ROSA',128),
('SANTIAGO DE SURCO',128),
('SURQUILLO',128),
('VILLA EL SALVADOR',128),
('VILLA MARÍA DEL TRUNFO',128),
('BARRANCA',129),
('PARAMONGA',129),
('PATIVILCA',129),
('SUPE',129),
('SUPE PUERTO',129),
('CAJATAMBO',130),
('COPA',130),
('GORGOR',130),
('HUANCAPÓN',130),
('MANAS',130),
('CANTA',131),
('ARAHUAY',131),
('HUAMANTANGA',131),
('HUAROS',131),
('LACHAQUI',131),
('SAN BUENAVENTURA',131),
('SANTA ROSA DE QUIVES',131),
('SAN VICENTE DE CAÑETE',132),
('ASIA',132),
('CALANGO',132),
('CERRO AZUL',132),
('CHILCA',132),
('COAYLLO',132),
('IMPERIAL',132),
('LUNAHUANA',132),
('MALA',132),
('NUEVO IMPERIAL',132),
('PACARÁN',132),
('QUILMANÁ',132),
('SAN ANTONIO',132),
('SAN LUIS',132),
('SANTA CRUZ DE FLORES',132),
('ZÚÑIGA',132),
('HUARAL',133),
('ATAVILLOS ALTO',133),
('ATAVILLOS BAJO',133),
('AUCALLAMA',133),
('CHANCAY',133),
('IHUARI',133),
('LAMPIAN',133),
('PACARAOS',133),
('SAN MIGUEL DE ACOS',133),
('SANTA CRUZ DE ANDAMARCA',133),
('SUMBILCA',133),
('VEINTISIETE DE NOVIEMBRE',133),
('MATUCANA',134),
('ANTIOQUIA',134),
('CALLAHUANCA',134),
('CARAMPOMA',134),
('CHICLA',134),
('CUENCA',134),
('HUACHUPAMPA',134),
('HUANZA',134),
('HUAROCHIRÍ',134),
('LAHUAYTAMBO',134),
('LANGA',134),
('LARAOS',134),
('MARIATANA',134),
('RICARDO PALMA',134),
('SAN ANDRÉS DE TUPICOCHA',134),
('SAN ANTONIO',134),
('SAN BARTOLOÉ',134),
('SAN DAMIÁN',134),
('SAN JUAN DE IRIS',134),
('SAN JUAN DE TANTARANCHE',134),
('SAN LORENZO DE QUINTI',134),
('SAN MATEO',134),
('SAN METEO DE OTAO',134),
('SAN PEDRO DE CASTA',134),
('SAN PEDRO DE HUANCAYRE',134),
('SANGALLAYA',134),
('SANTA CRUZ DE COCACHACRA',134),
('SANTA EULALIA',134),
('SANTIAGO DE ANCHUCAYA',134),
('SANTIAGO DE TUNA',134),
('SANTO DOMINGO DE LOS OLLEROS',134),
('SURCO',134),
('HUACHO',135),
('AMBAR',135),
('CALETA DE CARQUÍN',135),
('CHECRAS',135),
('HUALMAY',135),
('HUAURA',135),
('LEONCIO PRADO',135),
('PACCHO',135),
('SANTA LEONOR',135),
('SANTA MARÍA',135),
('SAYÁN',135),
('VEGUETA',135),
('OYÓN',136),
('ANDAJES',136),
('CAUJUL',136),
('COCHAMARCA',136),
('NAVÁN',136),
('PACHANGARA',136),
('YAUYOS',137),
('ALIS',137),
('AYAUCA',137),
('AYAVIRI',137),
('AZÁNGARO',137),
('CACRA',137),
('CARANIA',137),
('CATAHUASI',137),
('CHOCOS',137),
('COCHAS',137),
('COLONIA',137),
('HONGOS',137),
('HUAMPARA',137),
('HUANCAYA',137),
('HUANGASCAR',137),
('HUANTAN',137),
('HUAÑEC',137),
('LARAOS',137),
('LINCHA',137),
('MADEAN',137),
('MIRAFLORES',137),
('OMAS',137),
('PUTINZA',137),
('QUINCHES',137),
('QUINOCAY',137),
('SAN JOAQUÍN',137),
('SAN PEDRO DE PILAS',137),
('TANTA',137),
('TAURIPAMPA',137),
('TOMÁS',137),
('TUPE',137),
('VIÑAC',137),
('VITIS',137),
('IQUITOS',138),
('ALTO NANAY',138),
('FERNANDO LORES',138),
('INDIANA',138),
('LAS AMAZONAS',138),
('MAZÁN',138),
('NAPO',138),
('PUNCHANA',138),
('TORRES CAUSANA',138),
('BELÉN',138),
('SAN JUAN BAUTISTA',138),
('YURIMAGUAS',139),
('BALSAPUERTO',139),
('JEBEROS',139),
('LAGUNAS',139),
('SANTA CRUZ',139),
('TENIENTE CÉSAR LÓPEZ ROJAS',139),
('NAUTA',140),
('PARINARI',140),
('TIGRE',140),
('TROMPETEROS',140),
('URARINAS',140),
('RAMÓN CASTILLA',141),
('PEBAS',141),
('YAVARI',141),
('SAN PABLO',141),
('REQUENA',142),
('ALTO TAPICHE',142),
('CAPELO',142),
('EMILIO SAN MARTÍN',142),
('MAQUIA',142),
('PUINAHUA',142),
('SAQUENA',142),
('SOPLIN',142),
('TAPICHE',142),
('JENARO HERRERA',142),
('YAQUERANA',142),
('CONTAMANA',143),
('INAHUAYA',143),
('PADRE MARQUEZ',143),
('PAMPA HERMOSA',143),
('SARAYACU',143),
('VARGAS GUERRA',143),
('BARRANCA',144),
('CAHUAPANAS',144),
('MANSERICHE',144),
('MORONA',144),
('PASTAZA',144),
('ANDOAS',144),
('PUTUMAYO',145),
('ROSA PANDURO',145),
('TENIENTE MANUEL CLAVERO',145),
('YAGUAS',145),
('TAMBOPATA',146),
('INAMBARI',146),
('LAS PIEDRAS',146),
('LABERINTO',146),
('MANU',147),
('FITZCARRALD',147),
('MADRE DE DIOS',147),
('HUEPETUHE',147),
('IÑAPARI',148),
('IBERIA',148),
('TAHUAMANU',148),
('MOQUEGUA',149),
('CARUMAS',149),
('CUCHUMBAYA',149),
('SAMEGUA',149),
('SAN CRISTÓBAL',149),
('TORATA',149),
('SAN ANTONIO',149),
('OMATE',150),
('CHOJATA',150),
('COALAQUE',150),
('ICHUÑA',150),
('LA CAPILLA',150),
('LLOQUE',150),
('MATALAQUE',150),
('PUQUINA',150),
('QUINISTAQUILLAS',150),
('UBINAS',150),
('YUNGA',150),
('ILO',151),
('EL ALGARROBAL',151),
('PACOCHA',151),
('CHAUPIMARCA',152),
('HUACHÓN',152),
('HUARIACA',152),
('HUAYLLAY',152),
('NINACACA',152),
('PALLANCHACRA',152),
('PAUCARTAMBO',152),
('SAN FCO. DE ASIS DE YARUSYAC',152),
('SIMON BOLÍVAR',152),
('TICLACAYAN',152),
('TINYAHUARCO',152),
('VICCO',152),
('YANACANCHA',152),
('YANAHUANCA',153),
('CHACAYAN',153),
('GOYLLARISQUIZGA',153),
('PÁUCAR',153),
('SAN PEDRO DE PILLAO',153),
('SANTA ANA DE TUSI',153),
('TÁPUC',153),
('VILCABAMBA',153),
('OXAPAMPA',154),
('CHONTABAMBA',154),
('HUANCABAMBA',154),
('PALCAZU',154),
('POZUZO',154),
('PUERTO BERMÚDEZ',154),
('VILLA RICA',154),
('CONSTITUCIÓN',154),
('PIURA',155),
('CASTILLA',155),
('CATACAOS',155),
('CURA MORI',155),
('EL TALLAN',155),
('LA ARENA',155),
('LA UNIÓN',155),
('LAS LOMAS',155),
('TAMBO GRANDE',155),
('VEINTISÉIS DE OCTUBRE',155),
('AYABACA',156),
('FIRIAS',156),
('JILILI',156),
('LAGUNAS',156),
('MONTERO',156),
('PACAIPAMPA',156),
('PAIAS',156),
('SAPILLICA',156),
('SICCHEZ',156),
('SUYO',156),
('HUANCABAMBA',157),
('CANCHAQUE',157),
('EL CARMEN DE LA FRONTERA',157),
('HUARMACA',157),
('LALAQUIZ',157),
('SAN MIGUEL DE EL FAIQUE',157),
('SONDOR',157),
('SONDORILLO',157),
('CHULUCANAS',158),
('BUENOS AIRES',158),
('CHALACO',158),
('LA MATANZA',158),
('MORROPÓN',158),
('SALITRAL',158),
('SAN JUAN DE BIGOTE',158),
('SANTA CATALINA DE MOSSA',158),
('SANTO DOMINGO',158),
('YAMANGO',158),
('PAITA',159),
('AMOTAPE',159),
('ARENAL',159),
('COLÁN',159),
('LA HUACA',159),
('TAMARINDO',159),
('VICHAYAL',159),
('SULLANA',160),
('BELLAVISTA',160),
('IGNACIO ESCUDERO',160),
('LANCONES',160),
('MARCAVELICA',160),
('MIGUEL CHECA',160),
('QUERECOTILLO',160),
('SALITRAL',160),
('PARIÑAS',161),
('EL ALTO',161),
('LA BREA',161),
('LOBITOS',161),
('LOS ÓRGANOS',161),
('MÁNCORA',161),
('SECHURA',162),
('BELLAVISTA DE LA UNIÓN',162),
('BERNAL',162),
('CRISTO NOS VALGA',162),
('VICE',162),
('RINCONADA LLICUAR',162),
('PUNO',163),
('ACORA',163),
('AMANTANI',163),
('ATUNCOLLA',163),
('CAPACHICA',163),
('CHUCUITO',163),
('COATA',163),
('HUATA',163),
('MAÑAZO',163),
('PAUCARCOLLA',163),
('PICHACANI',163),
('PLATERÍA',163),
('SAN ANTONIO',163),
('TIQUILLACA',163),
('VILQUE',163),
('AZÁNGARO',164),
('ACHAYA',164),
('ARAPA',164),
('ASILLO',164),
('CAMINACA',164),
('CHUPA',164),
('JOSÉ DOMINGO CHOQUEHUANCA',164),
('MUÑANI',164),
('POTONI',164),
('SAMAN',164),
('SAN ANTON',164),
('SAN JOSÉ',164),
('SAN JUAN DE SALINAS',164),
('SANTIAGO DE PUPUJA',164),
('TIRAPATA',164),
('MACUSANI',165),
('AJOYANI',165),
('AYAPATA',165),
('COASA',165),
('CORANI',165),
('CRUCERO',165),
('ITUATA',165),
('OLLACHEA',165),
('SAN GABAN',165),
('USICAYOS',165),
('JULI',166),
('DESAGUADERO',166),
('HUACULLANI',166),
('KELLUYO',166),
('PISACOMA',166),
('POMATA',166),
('ZEPITA',166),
('ILAVE',167),
('CAPAZO',167),
('PILCUYO',167),
('SANTA ROSA',167),
('CONDURIRI',167),
('HUANCANÉ',168),
('COJATA',168),
('HUATASANI',168),
('INCHUPALLA',168),
('PUSI',168),
('ROSASPATA',168),
('TARACO',168),
('VILQUE CHICO',168),
('LAMPA',169),
('CABANILLA',169),
('CALAPUJA',169),
('NICASIO',169),
('OCUVIRI',169),
('PALCA',169),
('PARATIA',169),
('PUCARA',169),
('SANTA LUCÍA',169),
('VILAVILA',169),
('AYAVIRI',170),
('ANTAUTA',170),
('CUPI',170),
('LLALLI',170),
('MACARI',170),
('NUÑOA',170),
('ORURILLO',170),
('SANTA ROSA',170),
('UMACHIRI',170),
('MOHO',171),
('CONIMA',171),
('HUAYRAPATA',171),
('TILALI',171),
('PUTINA',172),
('ANANEA',172),
('PEDRO VILCA APAZA',172),
('QUILCAPUNCU',172),
('SINA',172),
('JULIACA',173),
('CABANA',173),
('CABANILLAS',173),
('CARACOTO',173),
('SAN MIGUEL',173),
('SANDIA',174),
('CUYOCUYO',174),
('LIMBANI',174),
('PATAMBUCO',174),
('PHARA',174),
('QUIACA',174),
('SAN JUAN DEL ORO',174),
('YANAHUAYA',174),
('ALTO INAMBAIRI',174),
('SAN PEDRO DE PUTINA PUNCU',174),
('YUNGUYO',175),
('ANAPIA',175),
('COPANI',175),
('CUTURAPI',175),
('OLLARAYA',175),
('TINICACHI',175),
('UNICACHI',175),
('MOYOBAMBA',176),
('CALZADA',176),
('HABANA',176),
('JEPELACIO',176),
('SORITOR',176),
('YANTALO',176),
('BELLAVISTA',177),
('ALTO BIAVO',177),
('BAJO BIAVO',177),
('HUALLAGA',177),
('SAN PABLO',177),
('SAN RAFAEL',177),
('SAN JOSÉ DE SISA',178),
('AGUA BLANCA',178),
('SAN MARTÍN',178),
('SANTA ROSA',178),
('SHATOJA',178),
('SAPOSOA',179),
('ALTO SAPOSOA',179),
('EL ESLABON',179),
('PISCOYACU',179),
('SACANCHE',179),
('TINGO DE SAPOSOA',179),
('LAMAS ',180),
('ALONSO DE ALVARADO',180),
('BARRANQUITA',180),
('CAYNARACHI',180),
('CUÑUMBUQUI',180),
('PINTO RECODO',180),
('RUMISAPA',180),
('SAN ROQUE DE CUMBAZA',180),
('SHANAO',180),
('TABALOSOS',180),
('ZAPATERO',180),
('JUANJUI',181),
('CAMPANILLA',181),
('HUICUNGO',181),
('PACHIZA',181),
('PAJARILLO',181),
('PICOTA',182),
('BUENOS AIRES',182),
('CASPISAPA',182),
('PILLUANA',182),
('PUCACACA',182),
('SAN CRISTÓBAL',182),
('SAN HILARIÓN',182),
('SHAMBOYACU',182),
('TINGO DE PONASA',182),
('TRES UNIDOS',182),
('RIOJA',183),
('AWAJUN',183),
('ELÍAS SOPLÍN VARGAS',183),
('NUEVA CAJAMARCA',183),
('PARDO MIGUEL',183),
('POSIC',183),
('SAN FERNANDO',183),
('YORONGOS',183),
('YURACYACU',183),
('TARAPOTO',184),
('ALBERTO LEVEAU',184),
('CACATACHI',184),
('CHAZUTA',184),
('CHIPURANA',184),
('EL PORVENIR',184),
('HUIMBAYOC',184),
('JUAN GUERRA',184),
('LA BANDA DE SHILCAYO',184),
('MORALES',184),
('PAPAPLAYA',184),
('SAN ANTONIO',184),
('SAUCE',184),
('SHAPAJA',184),
('TOCACHE',185),
('NUEVO PROGRESO',185),
('PÓLVORA',185),
('SHUNTE',185),
('UCHIZA',185),
('SANTA LUCÍA',185),
('TACNA',186),
('ALTO DE LA ALIANZA',186),
('CALANA',186),
('CIUDAD NUEVA',186),
('INCLAN',186),
('PACHIA',186),
('PALCA',186),
('POCOLLAY',186),
('SAMA',186),
('CRNEL. GREGORIO ALBARRACIN LANCHIPA',186),
('LA YARADA LOS PALOS',186),
('CANDARAVE',187),
('CAIRANI',187),
('CAMILACA',187),
('CURIBAYA',187),
('HUANUARA',187),
('QUILAHUANI',187),
('LOCUMBA',188),
('ILABAYA',188),
('ITE',188),
('TARATA',189),
('HÉROES ALBARRACÍN',189),
('ESTIQUE',189),
('ESTIQUE-PAMPA',189),
('SITAJARA',189),
('SUSAPAYA',189),
('TARUCACHI',189),
('TICACO',189),
('TUMBES',190),
('CORRALES',190),
('LA CRUZ',190),
('PAMPAS DE HOSPITAL',190),
('SAN JACINTO',190),
('SAN JUAN DE LA VIRGEN',190),
('ZORRITOS',191),
('CASITAS',191),
('CANOAS DE PUNTA SAL',191),
('ZARUMILLA',192),
('AGUAS VERDES',192),
('MATAPALO',192),
('PAPAYAL',192),
('CALLERIA',193),
('CAMPOVERDE',193),
('IPARIA',193),
('MASISEA',193),
('YARINACOCHA',193),
('NUEVA REQUENA',193),
('MANANTAY',193),
('RAYMONDI',194),
('SEPAHUA',194),
('TAHUANIA',194),
('YURUA',194),
('PADRE ABAD',195),
('IRAZOLA',195),
('CURIMANA',195),
('NESHUYA',195),
('ALEXANDER VON HUMBOLDT',195),
('HUIPOCA',195),
('BOQUERON',195),
('PURÚS',196);


